product_id,sku,name,category,brand,base_price,unit
P100000,SKU-000000,DailyChoice Household Item 0000,Household,DailyChoice,1.34,ml
P100001,SKU-000001,DailyChoice Personal Care Item 0001,Personal Care,DailyChoice,4.83,ml
P100002,SKU-000002,DailyChoice Beverages Item 0002,Beverages,DailyChoice,9.65,l
P100003,SKU-000003,FarmFresh Frozen Item 0003,Frozen,FarmFresh,8.46,l
P100004,SKU-000004,GoodFoods Beverages Item 0004,Beverages,GoodFoods,10.50,each
P100005,SKU-000005,DailyChoice Dairy Item 0005,Dairy,DailyChoice,7.80,pack
P100006,SKU-000006,NatureBest Meat Item 0006,Meat,NatureBest,3.86,ml
P100007,SKU-000007,UrbanEats Meat Item 0007,Meat,UrbanEats,7.14,lb
P100008,SKU-000008,Acme Snacks Item 0008,Snacks,Acme,3.84,lb
P100009,SKU-000009,DailyChoice Produce Item 0009,Produce,DailyChoice,2.94,lb
P100010,SKU-000010,UrbanEats Bakery Item 0010,Bakery,UrbanEats,0.49,l
P100011,SKU-000011,FarmFresh Produce Item 0011,Produce,FarmFresh,6.70,oz
P100012,SKU-000012,ValuMart Produce Item 0012,Produce,ValuMart,10.71,l
P100013,SKU-000013,UrbanEats Seafood Item 0013,Seafood,UrbanEats,3.66,l
P100014,SKU-000014,ValuMart Bakery Item 0014,Bakery,ValuMart,6.21,pack
P100015,SKU-000015,PremiumCo Snacks Item 0015,Snacks,PremiumCo,7.02,each
P100016,SKU-000016,UrbanEats Produce Item 0016,Produce,UrbanEats,0.49,each
P100017,SKU-000017,GoodFoods Bakery Item 0017,Bakery,GoodFoods,5.89,each
P100018,SKU-000018,GoodFoods Bakery Item 0018,Bakery,GoodFoods,5.01,lb
P100019,SKU-000019,Acme Dairy Item 0019,Dairy,Acme,4.04,pack
P100020,SKU-000020,FarmFresh Personal Care Item 0020,Personal Care,FarmFresh,3.87,lb
P100021,SKU-000021,DailyChoice Frozen Item 0021,Frozen,DailyChoice,2.77,dozen
P100022,SKU-000022,DailyChoice Household Item 0022,Household,DailyChoice,5.84,gal
P100023,SKU-000023,UrbanEats Household Item 0023,Household,UrbanEats,7.58,dozen
P100024,SKU-000024,Acme Frozen Item 0024,Frozen,Acme,0.49,lb
P100025,SKU-000025,DailyChoice Dairy Item 0025,Dairy,DailyChoice,8.80,lb
P100026,SKU-000026,NatureBest Snacks Item 0026,Snacks,NatureBest,11.65,dozen
P100027,SKU-000027,ValuMart Meat Item 0027,Meat,ValuMart,3.48,gal
P100028,SKU-000028,ValuMart Bakery Item 0028,Bakery,ValuMart,0.49,ml
P100029,SKU-000029,ValuMart Household Item 0029,Household,ValuMart,0.49,each
P100030,SKU-000030,NatureBest Household Item 0030,Household,NatureBest,5.43,lb
P100031,SKU-000031,ValuMart Snacks Item 0031,Snacks,ValuMart,12.27,oz
P100032,SKU-000032,PremiumCo Seafood Item 0032,Seafood,PremiumCo,7.22,pack
P100033,SKU-000033,ValuMart Seafood Item 0033,Seafood,ValuMart,10.08,ml
P100034,SKU-000034,FarmFresh Produce Item 0034,Produce,FarmFresh,6.43,lb
P100035,SKU-000035,ValuMart Frozen Item 0035,Frozen,ValuMart,5.21,oz
P100036,SKU-000036,FarmFresh Bakery Item 0036,Bakery,FarmFresh,4.64,ml
P100037,SKU-000037,PremiumCo Bakery Item 0037,Bakery,PremiumCo,5.45,each
P100038,SKU-000038,FarmFresh Personal Care Item 0038,Personal Care,FarmFresh,7.79,oz
P100039,SKU-000039,DailyChoice Produce Item 0039,Produce,DailyChoice,7.85,gal
P100040,SKU-000040,GoodFoods Household Item 0040,Household,GoodFoods,3.67,pack
P100041,SKU-000041,DailyChoice Pantry Item 0041,Pantry,DailyChoice,9.06,oz
P100042,SKU-000042,FarmFresh Bakery Item 0042,Bakery,FarmFresh,10.84,oz
P100043,SKU-000043,DailyChoice Frozen Item 0043,Frozen,DailyChoice,6.76,l
P100044,SKU-000044,GoodFoods Seafood Item 0044,Seafood,GoodFoods,5.38,oz
P100045,SKU-000045,DailyChoice Beverages Item 0045,Beverages,DailyChoice,6.57,pack
P100046,SKU-000046,ValuMart Beverages Item 0046,Beverages,ValuMart,8.61,gal
P100047,SKU-000047,DailyChoice Meat Item 0047,Meat,DailyChoice,0.51,each
P100048,SKU-000048,ValuMart Pantry Item 0048,Pantry,ValuMart,11.16,gal
P100049,SKU-000049,FarmFresh Seafood Item 0049,Seafood,FarmFresh,0.49,gal
P100050,SKU-000050,Acme Household Item 0050,Household,Acme,11.96,gal
P100051,SKU-000051,Acme Bakery Item 0051,Bakery,Acme,11.28,dozen
P100052,SKU-000052,PremiumCo Dairy Item 0052,Dairy,PremiumCo,5.65,l
P100053,SKU-000053,FarmFresh Personal Care Item 0053,Personal Care,FarmFresh,3.42,lb
P100054,SKU-000054,ValuMart Personal Care Item 0054,Personal Care,ValuMart,9.09,pack
P100055,SKU-000055,PremiumCo Snacks Item 0055,Snacks,PremiumCo,6.88,pack
P100056,SKU-000056,PremiumCo Pantry Item 0056,Pantry,PremiumCo,2.83,lb
P100057,SKU-000057,ValuMart Dairy Item 0057,Dairy,ValuMart,2.91,dozen
P100058,SKU-000058,PremiumCo Household Item 0058,Household,PremiumCo,3.95,l
P100059,SKU-000059,FarmFresh Bakery Item 0059,Bakery,FarmFresh,7.45,pack
P100060,SKU-000060,NatureBest Household Item 0060,Household,NatureBest,4.10,l
P100061,SKU-000061,ValuMart Snacks Item 0061,Snacks,ValuMart,4.32,each
P100062,SKU-000062,FarmFresh Seafood Item 0062,Seafood,FarmFresh,6.91,pack
P100063,SKU-000063,UrbanEats Frozen Item 0063,Frozen,UrbanEats,2.00,ml
P100064,SKU-000064,UrbanEats Beverages Item 0064,Beverages,UrbanEats,8.06,pack
P100065,SKU-000065,ValuMart Bakery Item 0065,Bakery,ValuMart,0.49,lb
P100066,SKU-000066,GoodFoods Snacks Item 0066,Snacks,GoodFoods,8.09,gal
P100067,SKU-000067,DailyChoice Household Item 0067,Household,DailyChoice,1.45,dozen
P100068,SKU-000068,Acme Meat Item 0068,Meat,Acme,14.26,oz
P100069,SKU-000069,UrbanEats Personal Care Item 0069,Personal Care,UrbanEats,8.47,lb
P100070,SKU-000070,FarmFresh Pantry Item 0070,Pantry,FarmFresh,3.76,pack
P100071,SKU-000071,GoodFoods Household Item 0071,Household,GoodFoods,6.08,each
P100072,SKU-000072,NatureBest Pantry Item 0072,Pantry,NatureBest,7.54,pack
P100073,SKU-000073,DailyChoice Beverages Item 0073,Beverages,DailyChoice,1.64,each
P100074,SKU-000074,NatureBest Dairy Item 0074,Dairy,NatureBest,7.41,ml
P100075,SKU-000075,UrbanEats Snacks Item 0075,Snacks,UrbanEats,1.78,gal
P100076,SKU-000076,UrbanEats Personal Care Item 0076,Personal Care,UrbanEats,9.95,l
P100077,SKU-000077,ValuMart Beverages Item 0077,Beverages,ValuMart,3.02,ml
P100078,SKU-000078,UrbanEats Meat Item 0078,Meat,UrbanEats,4.32,dozen
P100079,SKU-000079,DailyChoice Dairy Item 0079,Dairy,DailyChoice,4.28,dozen
P100080,SKU-000080,PremiumCo Seafood Item 0080,Seafood,PremiumCo,6.96,gal
P100081,SKU-000081,FarmFresh Bakery Item 0081,Bakery,FarmFresh,5.23,pack
P100082,SKU-000082,GoodFoods Bakery Item 0082,Bakery,GoodFoods,3.69,pack
P100083,SKU-000083,Acme Beverages Item 0083,Beverages,Acme,7.37,l
P100084,SKU-000084,FarmFresh Meat Item 0084,Meat,FarmFresh,9.28,l
P100085,SKU-000085,UrbanEats Produce Item 0085,Produce,UrbanEats,3.76,l
P100086,SKU-000086,ValuMart Produce Item 0086,Produce,ValuMart,6.13,gal
P100087,SKU-000087,UrbanEats Pantry Item 0087,Pantry,UrbanEats,0.49,pack
P100088,SKU-000088,FarmFresh Meat Item 0088,Meat,FarmFresh,3.03,dozen
P100089,SKU-000089,NatureBest Household Item 0089,Household,NatureBest,6.27,l
P100090,SKU-000090,Acme Beverages Item 0090,Beverages,Acme,9.35,oz
P100091,SKU-000091,GoodFoods Household Item 0091,Household,GoodFoods,3.78,each
P100092,SKU-000092,NatureBest Household Item 0092,Household,NatureBest,7.27,l
P100093,SKU-000093,PremiumCo Seafood Item 0093,Seafood,PremiumCo,4.59,l
P100094,SKU-000094,PremiumCo Meat Item 0094,Meat,PremiumCo,2.77,ml
P100095,SKU-000095,ValuMart Seafood Item 0095,Seafood,ValuMart,11.26,l
P100096,SKU-000096,Acme Dairy Item 0096,Dairy,Acme,5.99,ml
P100097,SKU-000097,GoodFoods Frozen Item 0097,Frozen,GoodFoods,5.02,pack
P100098,SKU-000098,Acme Household Item 0098,Household,Acme,7.90,each
P100099,SKU-000099,DailyChoice Produce Item 0099,Produce,DailyChoice,5.38,oz
P100100,SKU-000100,GoodFoods Bakery Item 0100,Bakery,GoodFoods,4.06,ml
P100101,SKU-000101,NatureBest Seafood Item 0101,Seafood,NatureBest,5.18,gal
P100102,SKU-000102,NatureBest Personal Care Item 0102,Personal Care,NatureBest,7.40,lb
P100103,SKU-000103,FarmFresh Produce Item 0103,Produce,FarmFresh,5.68,dozen
P100104,SKU-000104,GoodFoods Pantry Item 0104,Pantry,GoodFoods,1.27,pack
P100105,SKU-000105,ValuMart Meat Item 0105,Meat,ValuMart,2.91,lb
P100106,SKU-000106,Acme Household Item 0106,Household,Acme,4.18,lb
P100107,SKU-000107,PremiumCo Frozen Item 0107,Frozen,PremiumCo,8.60,lb
P100108,SKU-000108,UrbanEats Produce Item 0108,Produce,UrbanEats,12.02,l
P100109,SKU-000109,NatureBest Household Item 0109,Household,NatureBest,10.70,ml
P100110,SKU-000110,ValuMart Pantry Item 0110,Pantry,ValuMart,0.97,oz
P100111,SKU-000111,FarmFresh Beverages Item 0111,Beverages,FarmFresh,1.52,ml
P100112,SKU-000112,PremiumCo Personal Care Item 0112,Personal Care,PremiumCo,9.37,dozen
P100113,SKU-000113,UrbanEats Dairy Item 0113,Dairy,UrbanEats,1.46,dozen
P100114,SKU-000114,FarmFresh Meat Item 0114,Meat,FarmFresh,4.19,ml
P100115,SKU-000115,UrbanEats Frozen Item 0115,Frozen,UrbanEats,9.00,oz
P100116,SKU-000116,ValuMart Meat Item 0116,Meat,ValuMart,2.68,gal
P100117,SKU-000117,DailyChoice Seafood Item 0117,Seafood,DailyChoice,11.21,each
P100118,SKU-000118,FarmFresh Dairy Item 0118,Dairy,FarmFresh,0.96,pack
P100119,SKU-000119,UrbanEats Beverages Item 0119,Beverages,UrbanEats,6.36,ml
P100120,SKU-000120,ValuMart Produce Item 0120,Produce,ValuMart,6.82,lb
P100121,SKU-000121,UrbanEats Seafood Item 0121,Seafood,UrbanEats,10.53,gal
P100122,SKU-000122,FarmFresh Snacks Item 0122,Snacks,FarmFresh,9.79,gal
P100123,SKU-000123,ValuMart Frozen Item 0123,Frozen,ValuMart,5.92,ml
P100124,SKU-000124,DailyChoice Seafood Item 0124,Seafood,DailyChoice,7.42,dozen
P100125,SKU-000125,DailyChoice Dairy Item 0125,Dairy,DailyChoice,7.35,oz
P100126,SKU-000126,ValuMart Meat Item 0126,Meat,ValuMart,4.69,ml
P100127,SKU-000127,GoodFoods Snacks Item 0127,Snacks,GoodFoods,0.49,dozen
P100128,SKU-000128,DailyChoice Meat Item 0128,Meat,DailyChoice,4.37,dozen
P100129,SKU-000129,ValuMart Snacks Item 0129,Snacks,ValuMart,7.95,oz
P100130,SKU-000130,ValuMart Produce Item 0130,Produce,ValuMart,5.49,each
P100131,SKU-000131,Acme Beverages Item 0131,Beverages,Acme,4.53,lb
P100132,SKU-000132,UrbanEats Personal Care Item 0132,Personal Care,UrbanEats,3.29,dozen
P100133,SKU-000133,UrbanEats Produce Item 0133,Produce,UrbanEats,6.37,dozen
P100134,SKU-000134,FarmFresh Dairy Item 0134,Dairy,FarmFresh,2.07,lb
P100135,SKU-000135,NatureBest Household Item 0135,Household,NatureBest,6.20,each
P100136,SKU-000136,GoodFoods Bakery Item 0136,Bakery,GoodFoods,7.51,dozen
P100137,SKU-000137,FarmFresh Pantry Item 0137,Pantry,FarmFresh,5.94,pack
P100138,SKU-000138,ValuMart Beverages Item 0138,Beverages,ValuMart,11.81,ml
P100139,SKU-000139,GoodFoods Seafood Item 0139,Seafood,GoodFoods,0.49,each
P100140,SKU-000140,ValuMart Meat Item 0140,Meat,ValuMart,5.06,pack
P100141,SKU-000141,NatureBest Bakery Item 0141,Bakery,NatureBest,4.52,lb
P100142,SKU-000142,UrbanEats Produce Item 0142,Produce,UrbanEats,4.74,l
P100143,SKU-000143,ValuMart Produce Item 0143,Produce,ValuMart,2.86,pack
P100144,SKU-000144,GoodFoods Seafood Item 0144,Seafood,GoodFoods,3.39,ml
P100145,SKU-000145,FarmFresh Household Item 0145,Household,FarmFresh,0.49,pack
P100146,SKU-000146,NatureBest Dairy Item 0146,Dairy,NatureBest,10.71,pack
P100147,SKU-000147,NatureBest Dairy Item 0147,Dairy,NatureBest,2.94,each
P100148,SKU-000148,UrbanEats Seafood Item 0148,Seafood,UrbanEats,9.25,dozen
P100149,SKU-000149,UrbanEats Pantry Item 0149,Pantry,UrbanEats,9.23,dozen
P100150,SKU-000150,Acme Beverages Item 0150,Beverages,Acme,9.75,lb
P100151,SKU-000151,Acme Personal Care Item 0151,Personal Care,Acme,2.87,dozen
P100152,SKU-000152,Acme Dairy Item 0152,Dairy,Acme,10.48,pack
P100153,SKU-000153,NatureBest Seafood Item 0153,Seafood,NatureBest,5.99,each
P100154,SKU-000154,ValuMart Beverages Item 0154,Beverages,ValuMart,7.66,ml
P100155,SKU-000155,GoodFoods Household Item 0155,Household,GoodFoods,9.62,ml
P100156,SKU-000156,FarmFresh Beverages Item 0156,Beverages,FarmFresh,3.77,gal
P100157,SKU-000157,FarmFresh Bakery Item 0157,Bakery,FarmFresh,9.87,gal
P100158,SKU-000158,FarmFresh Beverages Item 0158,Beverages,FarmFresh,7.47,dozen
P100159,SKU-000159,PremiumCo Beverages Item 0159,Beverages,PremiumCo,2.51,lb
P100160,SKU-000160,GoodFoods Seafood Item 0160,Seafood,GoodFoods,9.00,gal
P100161,SKU-000161,UrbanEats Snacks Item 0161,Snacks,UrbanEats,5.43,each
P100162,SKU-000162,DailyChoice Pantry Item 0162,Pantry,DailyChoice,1.84,each
P100163,SKU-000163,Acme Beverages Item 0163,Beverages,Acme,5.52,ml
P100164,SKU-000164,NatureBest Meat Item 0164,Meat,NatureBest,8.89,dozen
P100165,SKU-000165,Acme Beverages Item 0165,Beverages,Acme,4.59,lb
P100166,SKU-000166,NatureBest Household Item 0166,Household,NatureBest,5.81,pack
P100167,SKU-000167,DailyChoice Pantry Item 0167,Pantry,DailyChoice,6.46,lb
P100168,SKU-000168,GoodFoods Dairy Item 0168,Dairy,GoodFoods,4.96,ml
P100169,SKU-000169,FarmFresh Seafood Item 0169,Seafood,FarmFresh,4.61,dozen
P100170,SKU-000170,DailyChoice Beverages Item 0170,Beverages,DailyChoice,4.38,ml
P100171,SKU-000171,GoodFoods Meat Item 0171,Meat,GoodFoods,6.45,oz
P100172,SKU-000172,PremiumCo Seafood Item 0172,Seafood,PremiumCo,9.27,l
P100173,SKU-000173,ValuMart Produce Item 0173,Produce,ValuMart,4.57,dozen
P100174,SKU-000174,NatureBest Personal Care Item 0174,Personal Care,NatureBest,2.74,ml
P100175,SKU-000175,UrbanEats Frozen Item 0175,Frozen,UrbanEats,7.14,l
P100176,SKU-000176,DailyChoice Frozen Item 0176,Frozen,DailyChoice,4.03,pack
P100177,SKU-000177,PremiumCo Pantry Item 0177,Pantry,PremiumCo,5.05,each
P100178,SKU-000178,FarmFresh Beverages Item 0178,Beverages,FarmFresh,11.31,l
P100179,SKU-000179,UrbanEats Household Item 0179,Household,UrbanEats,5.61,oz
P100180,SKU-000180,PremiumCo Produce Item 0180,Produce,PremiumCo,10.17,oz
P100181,SKU-000181,UrbanEats Beverages Item 0181,Beverages,UrbanEats,1.54,lb
P100182,SKU-000182,FarmFresh Produce Item 0182,Produce,FarmFresh,11.47,oz
P100183,SKU-000183,ValuMart Dairy Item 0183,Dairy,ValuMart,0.49,ml
P100184,SKU-000184,GoodFoods Frozen Item 0184,Frozen,GoodFoods,9.50,l
P100185,SKU-000185,PremiumCo Snacks Item 0185,Snacks,PremiumCo,1.29,l
P100186,SKU-000186,Acme Household Item 0186,Household,Acme,4.38,ml
P100187,SKU-000187,DailyChoice Household Item 0187,Household,DailyChoice,4.52,dozen
P100188,SKU-000188,GoodFoods Dairy Item 0188,Dairy,GoodFoods,6.30,l
P100189,SKU-000189,NatureBest Dairy Item 0189,Dairy,NatureBest,1.33,ml
P100190,SKU-000190,Acme Seafood Item 0190,Seafood,Acme,5.54,each
P100191,SKU-000191,FarmFresh Frozen Item 0191,Frozen,FarmFresh,6.91,gal
P100192,SKU-000192,FarmFresh Bakery Item 0192,Bakery,FarmFresh,1.13,pack
P100193,SKU-000193,GoodFoods Bakery Item 0193,Bakery,GoodFoods,3.86,oz
P100194,SKU-000194,DailyChoice Personal Care Item 0194,Personal Care,DailyChoice,2.03,l
P100195,SKU-000195,ValuMart Meat Item 0195,Meat,ValuMart,6.06,ml
P100196,SKU-000196,Acme Beverages Item 0196,Beverages,Acme,8.70,dozen
P100197,SKU-000197,GoodFoods Seafood Item 0197,Seafood,GoodFoods,4.01,oz
P100198,SKU-000198,ValuMart Beverages Item 0198,Beverages,ValuMart,3.97,gal
P100199,SKU-000199,ValuMart Seafood Item 0199,Seafood,ValuMart,3.58,ml
P100200,SKU-000200,UrbanEats Meat Item 0200,Meat,UrbanEats,8.30,l
P100201,SKU-000201,ValuMart Frozen Item 0201,Frozen,ValuMart,7.83,dozen
P100202,SKU-000202,ValuMart Produce Item 0202,Produce,ValuMart,12.00,l
P100203,SKU-000203,ValuMart Produce Item 0203,Produce,ValuMart,6.31,ml
P100204,SKU-000204,DailyChoice Meat Item 0204,Meat,DailyChoice,3.27,gal
P100205,SKU-000205,GoodFoods Household Item 0205,Household,GoodFoods,2.84,oz
P100206,SKU-000206,ValuMart Household Item 0206,Household,ValuMart,6.19,each
P100207,SKU-000207,GoodFoods Frozen Item 0207,Frozen,GoodFoods,5.24,oz
P100208,SKU-000208,FarmFresh Seafood Item 0208,Seafood,FarmFresh,6.72,gal
P100209,SKU-000209,ValuMart Snacks Item 0209,Snacks,ValuMart,7.43,gal
P100210,SKU-000210,UrbanEats Bakery Item 0210,Bakery,UrbanEats,8.46,dozen
P100211,SKU-000211,UrbanEats Frozen Item 0211,Frozen,UrbanEats,5.49,lb
P100212,SKU-000212,DailyChoice Dairy Item 0212,Dairy,DailyChoice,9.07,oz
P100213,SKU-000213,GoodFoods Pantry Item 0213,Pantry,GoodFoods,2.29,gal
P100214,SKU-000214,ValuMart Pantry Item 0214,Pantry,ValuMart,2.78,each
P100215,SKU-000215,FarmFresh Household Item 0215,Household,FarmFresh,5.25,dozen
P100216,SKU-000216,GoodFoods Household Item 0216,Household,GoodFoods,4.46,gal
P100217,SKU-000217,DailyChoice Personal Care Item 0217,Personal Care,DailyChoice,2.98,gal
P100218,SKU-000218,UrbanEats Household Item 0218,Household,UrbanEats,8.14,lb
P100219,SKU-000219,NatureBest Pantry Item 0219,Pantry,NatureBest,4.63,lb
P100220,SKU-000220,ValuMart Produce Item 0220,Produce,ValuMart,7.49,each
P100221,SKU-000221,FarmFresh Meat Item 0221,Meat,FarmFresh,5.96,oz
P100222,SKU-000222,FarmFresh Beverages Item 0222,Beverages,FarmFresh,1.88,gal
P100223,SKU-000223,UrbanEats Pantry Item 0223,Pantry,UrbanEats,3.48,lb
P100224,SKU-000224,ValuMart Personal Care Item 0224,Personal Care,ValuMart,8.83,l
P100225,SKU-000225,DailyChoice Beverages Item 0225,Beverages,DailyChoice,6.59,ml
P100226,SKU-000226,PremiumCo Frozen Item 0226,Frozen,PremiumCo,0.49,lb
P100227,SKU-000227,FarmFresh Frozen Item 0227,Frozen,FarmFresh,3.72,each
P100228,SKU-000228,GoodFoods Seafood Item 0228,Seafood,GoodFoods,11.31,pack
P100229,SKU-000229,Acme Dairy Item 0229,Dairy,Acme,4.24,pack
P100230,SKU-000230,DailyChoice Produce Item 0230,Produce,DailyChoice,11.26,gal
P100231,SKU-000231,DailyChoice Meat Item 0231,Meat,DailyChoice,5.63,lb
P100232,SKU-000232,DailyChoice Personal Care Item 0232,Personal Care,DailyChoice,5.20,pack
P100233,SKU-000233,ValuMart Personal Care Item 0233,Personal Care,ValuMart,7.49,each
P100234,SKU-000234,ValuMart Bakery Item 0234,Bakery,ValuMart,6.43,oz
P100235,SKU-000235,Acme Produce Item 0235,Produce,Acme,4.62,oz
P100236,SKU-000236,PremiumCo Frozen Item 0236,Frozen,PremiumCo,8.34,pack
P100237,SKU-000237,GoodFoods Bakery Item 0237,Bakery,GoodFoods,6.23,l
P100238,SKU-000238,UrbanEats Dairy Item 0238,Dairy,UrbanEats,6.63,ml
P100239,SKU-000239,DailyChoice Dairy Item 0239,Dairy,DailyChoice,2.46,ml
P100240,SKU-000240,ValuMart Personal Care Item 0240,Personal Care,ValuMart,0.49,each
P100241,SKU-000241,FarmFresh Produce Item 0241,Produce,FarmFresh,8.02,ml
P100242,SKU-000242,UrbanEats Pantry Item 0242,Pantry,UrbanEats,5.24,lb
P100243,SKU-000243,NatureBest Dairy Item 0243,Dairy,NatureBest,2.84,gal
P100244,SKU-000244,ValuMart Dairy Item 0244,Dairy,ValuMart,3.17,oz
P100245,SKU-000245,ValuMart Frozen Item 0245,Frozen,ValuMart,3.20,l
P100246,SKU-000246,GoodFoods Beverages Item 0246,Beverages,GoodFoods,6.40,l
P100247,SKU-000247,FarmFresh Household Item 0247,Household,FarmFresh,4.58,pack
P100248,SKU-000248,FarmFresh Beverages Item 0248,Beverages,FarmFresh,4.25,pack
P100249,SKU-000249,PremiumCo Pantry Item 0249,Pantry,PremiumCo,8.80,lb
P100250,SKU-000250,ValuMart Pantry Item 0250,Pantry,ValuMart,4.78,gal
P100251,SKU-000251,GoodFoods Beverages Item 0251,Beverages,GoodFoods,7.23,lb
P100252,SKU-000252,FarmFresh Dairy Item 0252,Dairy,FarmFresh,10.04,lb
P100253,SKU-000253,PremiumCo Bakery Item 0253,Bakery,PremiumCo,8.80,each
P100254,SKU-000254,FarmFresh Household Item 0254,Household,FarmFresh,3.31,lb
P100255,SKU-000255,ValuMart Pantry Item 0255,Pantry,ValuMart,9.53,each
P100256,SKU-000256,PremiumCo Personal Care Item 0256,Personal Care,PremiumCo,8.84,dozen
P100257,SKU-000257,DailyChoice Bakery Item 0257,Bakery,DailyChoice,8.16,ml
P100258,SKU-000258,PremiumCo Dairy Item 0258,Dairy,PremiumCo,7.82,gal
P100259,SKU-000259,Acme Meat Item 0259,Meat,Acme,7.60,l
P100260,SKU-000260,Acme Personal Care Item 0260,Personal Care,Acme,7.98,dozen
P100261,SKU-000261,PremiumCo Seafood Item 0261,Seafood,PremiumCo,10.23,gal
P100262,SKU-000262,NatureBest Produce Item 0262,Produce,NatureBest,3.22,oz
P100263,SKU-000263,GoodFoods Bakery Item 0263,Bakery,GoodFoods,4.77,each
P100264,SKU-000264,FarmFresh Snacks Item 0264,Snacks,FarmFresh,3.60,pack
P100265,SKU-000265,PremiumCo Frozen Item 0265,Frozen,PremiumCo,7.32,dozen
P100266,SKU-000266,Acme Personal Care Item 0266,Personal Care,Acme,8.81,lb
P100267,SKU-000267,ValuMart Produce Item 0267,Produce,ValuMart,10.17,lb
P100268,SKU-000268,UrbanEats Beverages Item 0268,Beverages,UrbanEats,3.57,l
P100269,SKU-000269,PremiumCo Meat Item 0269,Meat,PremiumCo,4.07,lb
P100270,SKU-000270,ValuMart Pantry Item 0270,Pantry,ValuMart,4.25,lb
P100271,SKU-000271,Acme Snacks Item 0271,Snacks,Acme,2.38,dozen
P100272,SKU-000272,Acme Meat Item 0272,Meat,Acme,8.54,l
P100273,SKU-000273,ValuMart Meat Item 0273,Meat,ValuMart,6.12,oz
P100274,SKU-000274,GoodFoods Seafood Item 0274,Seafood,GoodFoods,10.97,gal
P100275,SKU-000275,FarmFresh Bakery Item 0275,Bakery,FarmFresh,6.24,oz
P100276,SKU-000276,PremiumCo Snacks Item 0276,Snacks,PremiumCo,11.37,pack
P100277,SKU-000277,Acme Produce Item 0277,Produce,Acme,8.61,l
P100278,SKU-000278,PremiumCo Beverages Item 0278,Beverages,PremiumCo,2.52,lb
P100279,SKU-000279,ValuMart Household Item 0279,Household,ValuMart,4.21,l
P100280,SKU-000280,Acme Dairy Item 0280,Dairy,Acme,7.80,l
P100281,SKU-000281,PremiumCo Personal Care Item 0281,Personal Care,PremiumCo,5.61,ml
P100282,SKU-000282,GoodFoods Dairy Item 0282,Dairy,GoodFoods,6.17,l
P100283,SKU-000283,FarmFresh Snacks Item 0283,Snacks,FarmFresh,10.00,lb
P100284,SKU-000284,DailyChoice Seafood Item 0284,Seafood,DailyChoice,5.09,gal
P100285,SKU-000285,DailyChoice Snacks Item 0285,Snacks,DailyChoice,7.58,lb
P100286,SKU-000286,NatureBest Frozen Item 0286,Frozen,NatureBest,6.15,gal
P100287,SKU-000287,NatureBest Meat Item 0287,Meat,NatureBest,7.68,oz
P100288,SKU-000288,NatureBest Household Item 0288,Household,NatureBest,10.02,lb
P100289,SKU-000289,PremiumCo Beverages Item 0289,Beverages,PremiumCo,4.73,ml
P100290,SKU-000290,NatureBest Household Item 0290,Household,NatureBest,2.86,gal
P100291,SKU-000291,ValuMart Household Item 0291,Household,ValuMart,7.25,dozen
P100292,SKU-000292,PremiumCo Personal Care Item 0292,Personal Care,PremiumCo,3.42,each
P100293,SKU-000293,Acme Beverages Item 0293,Beverages,Acme,5.88,each
P100294,SKU-000294,GoodFoods Frozen Item 0294,Frozen,GoodFoods,0.93,dozen
P100295,SKU-000295,UrbanEats Dairy Item 0295,Dairy,UrbanEats,0.49,l
P100296,SKU-000296,UrbanEats Personal Care Item 0296,Personal Care,UrbanEats,9.29,each
P100297,SKU-000297,UrbanEats Meat Item 0297,Meat,UrbanEats,3.89,gal
P100298,SKU-000298,Acme Snacks Item 0298,Snacks,Acme,0.79,oz
P100299,SKU-000299,NatureBest Frozen Item 0299,Frozen,NatureBest,7.68,lb
P100300,SKU-000300,UrbanEats Produce Item 0300,Produce,UrbanEats,9.65,pack
P100301,SKU-000301,PremiumCo Personal Care Item 0301,Personal Care,PremiumCo,5.79,oz
P100302,SKU-000302,FarmFresh Frozen Item 0302,Frozen,FarmFresh,3.71,dozen
P100303,SKU-000303,PremiumCo Personal Care Item 0303,Personal Care,PremiumCo,7.48,each
P100304,SKU-000304,GoodFoods Dairy Item 0304,Dairy,GoodFoods,3.23,gal
P100305,SKU-000305,PremiumCo Seafood Item 0305,Seafood,PremiumCo,4.94,oz
P100306,SKU-000306,PremiumCo Dairy Item 0306,Dairy,PremiumCo,4.38,oz
P100307,SKU-000307,NatureBest Household Item 0307,Household,NatureBest,10.07,l
P100308,SKU-000308,ValuMart Personal Care Item 0308,Personal Care,ValuMart,1.98,lb
P100309,SKU-000309,GoodFoods Frozen Item 0309,Frozen,GoodFoods,4.44,oz
P100310,SKU-000310,PremiumCo Household Item 0310,Household,PremiumCo,8.56,l
P100311,SKU-000311,UrbanEats Meat Item 0311,Meat,UrbanEats,6.29,gal
P100312,SKU-000312,NatureBest Meat Item 0312,Meat,NatureBest,7.41,pack
P100313,SKU-000313,PremiumCo Dairy Item 0313,Dairy,PremiumCo,8.08,each
P100314,SKU-000314,FarmFresh Personal Care Item 0314,Personal Care,FarmFresh,7.07,oz
P100315,SKU-000315,UrbanEats Personal Care Item 0315,Personal Care,UrbanEats,7.56,oz
P100316,SKU-000316,PremiumCo Produce Item 0316,Produce,PremiumCo,5.01,l
P100317,SKU-000317,UrbanEats Beverages Item 0317,Beverages,UrbanEats,4.02,dozen
P100318,SKU-000318,ValuMart Meat Item 0318,Meat,ValuMart,11.13,pack
P100319,SKU-000319,UrbanEats Meat Item 0319,Meat,UrbanEats,4.87,gal
P100320,SKU-000320,FarmFresh Beverages Item 0320,Beverages,FarmFresh,2.88,dozen
P100321,SKU-000321,NatureBest Bakery Item 0321,Bakery,NatureBest,5.94,pack
P100322,SKU-000322,UrbanEats Seafood Item 0322,Seafood,UrbanEats,8.68,each
P100323,SKU-000323,ValuMart Dairy Item 0323,Dairy,ValuMart,3.29,lb
P100324,SKU-000324,ValuMart Dairy Item 0324,Dairy,ValuMart,2.58,oz
P100325,SKU-000325,DailyChoice Pantry Item 0325,Pantry,DailyChoice,7.13,lb
P100326,SKU-000326,Acme Beverages Item 0326,Beverages,Acme,3.41,gal
P100327,SKU-000327,FarmFresh Frozen Item 0327,Frozen,FarmFresh,7.54,pack
P100328,SKU-000328,DailyChoice Dairy Item 0328,Dairy,DailyChoice,12.83,gal
P100329,SKU-000329,NatureBest Household Item 0329,Household,NatureBest,7.22,gal
P100330,SKU-000330,ValuMart Bakery Item 0330,Bakery,ValuMart,8.95,each
P100331,SKU-000331,UrbanEats Bakery Item 0331,Bakery,UrbanEats,4.32,ml
P100332,SKU-000332,GoodFoods Personal Care Item 0332,Personal Care,GoodFoods,8.08,each
P100333,SKU-000333,GoodFoods Bakery Item 0333,Bakery,GoodFoods,6.25,l
P100334,SKU-000334,ValuMart Seafood Item 0334,Seafood,ValuMart,7.60,pack
P100335,SKU-000335,GoodFoods Household Item 0335,Household,GoodFoods,7.53,ml
P100336,SKU-000336,Acme Dairy Item 0336,Dairy,Acme,3.35,ml
P100337,SKU-000337,FarmFresh Bakery Item 0337,Bakery,FarmFresh,3.11,dozen
P100338,SKU-000338,DailyChoice Produce Item 0338,Produce,DailyChoice,4.26,gal
P100339,SKU-000339,PremiumCo Household Item 0339,Household,PremiumCo,5.17,lb
P100340,SKU-000340,FarmFresh Dairy Item 0340,Dairy,FarmFresh,6.63,each
P100341,SKU-000341,ValuMart Pantry Item 0341,Pantry,ValuMart,5.36,gal
P100342,SKU-000342,GoodFoods Produce Item 0342,Produce,GoodFoods,3.26,gal
P100343,SKU-000343,PremiumCo Household Item 0343,Household,PremiumCo,10.04,lb
P100344,SKU-000344,PremiumCo Bakery Item 0344,Bakery,PremiumCo,0.73,each
P100345,SKU-000345,UrbanEats Bakery Item 0345,Bakery,UrbanEats,4.43,ml
P100346,SKU-000346,NatureBest Household Item 0346,Household,NatureBest,10.79,oz
P100347,SKU-000347,ValuMart Beverages Item 0347,Beverages,ValuMart,8.00,each
P100348,SKU-000348,DailyChoice Meat Item 0348,Meat,DailyChoice,7.97,each
P100349,SKU-000349,UrbanEats Seafood Item 0349,Seafood,UrbanEats,4.28,l
P100350,SKU-000350,DailyChoice Seafood Item 0350,Seafood,DailyChoice,4.66,each
P100351,SKU-000351,ValuMart Produce Item 0351,Produce,ValuMart,11.82,gal
P100352,SKU-000352,FarmFresh Dairy Item 0352,Dairy,FarmFresh,9.80,gal
P100353,SKU-000353,NatureBest Pantry Item 0353,Pantry,NatureBest,2.83,gal
P100354,SKU-000354,PremiumCo Beverages Item 0354,Beverages,PremiumCo,9.23,ml
P100355,SKU-000355,GoodFoods Dairy Item 0355,Dairy,GoodFoods,4.34,l
P100356,SKU-000356,ValuMart Pantry Item 0356,Pantry,ValuMart,5.47,oz
P100357,SKU-000357,ValuMart Household Item 0357,Household,ValuMart,7.10,dozen
P100358,SKU-000358,NatureBest Beverages Item 0358,Beverages,NatureBest,4.97,l
P100359,SKU-000359,FarmFresh Produce Item 0359,Produce,FarmFresh,3.41,gal
P100360,SKU-000360,GoodFoods Seafood Item 0360,Seafood,GoodFoods,4.54,each
P100361,SKU-000361,Acme Snacks Item 0361,Snacks,Acme,3.30,oz
P100362,SKU-000362,Acme Bakery Item 0362,Bakery,Acme,7.54,ml
P100363,SKU-000363,PremiumCo Household Item 0363,Household,PremiumCo,7.57,gal
P100364,SKU-000364,NatureBest Pantry Item 0364,Pantry,NatureBest,2.85,each
P100365,SKU-000365,GoodFoods Frozen Item 0365,Frozen,GoodFoods,0.49,ml
P100366,SKU-000366,PremiumCo Personal Care Item 0366,Personal Care,PremiumCo,2.52,oz
P100367,SKU-000367,Acme Meat Item 0367,Meat,Acme,8.60,lb
P100368,SKU-000368,FarmFresh Bakery Item 0368,Bakery,FarmFresh,7.29,ml
P100369,SKU-000369,DailyChoice Seafood Item 0369,Seafood,DailyChoice,5.22,ml
P100370,SKU-000370,UrbanEats Personal Care Item 0370,Personal Care,UrbanEats,6.50,dozen
P100371,SKU-000371,NatureBest Dairy Item 0371,Dairy,NatureBest,7.54,ml
P100372,SKU-000372,PremiumCo Beverages Item 0372,Beverages,PremiumCo,3.67,lb
P100373,SKU-000373,ValuMart Snacks Item 0373,Snacks,ValuMart,1.90,dozen
P100374,SKU-000374,PremiumCo Bakery Item 0374,Bakery,PremiumCo,4.48,oz
P100375,SKU-000375,DailyChoice Meat Item 0375,Meat,DailyChoice,5.92,oz
P100376,SKU-000376,PremiumCo Beverages Item 0376,Beverages,PremiumCo,3.29,each
P100377,SKU-000377,GoodFoods Snacks Item 0377,Snacks,GoodFoods,5.04,oz
P100378,SKU-000378,FarmFresh Dairy Item 0378,Dairy,FarmFresh,10.78,dozen
P100379,SKU-000379,FarmFresh Snacks Item 0379,Snacks,FarmFresh,5.99,l
P100380,SKU-000380,NatureBest Personal Care Item 0380,Personal Care,NatureBest,10.24,lb
P100381,SKU-000381,PremiumCo Beverages Item 0381,Beverages,PremiumCo,5.26,ml
P100382,SKU-000382,NatureBest Bakery Item 0382,Bakery,NatureBest,0.49,oz
P100383,SKU-000383,NatureBest Produce Item 0383,Produce,NatureBest,8.71,lb
P100384,SKU-000384,NatureBest Seafood Item 0384,Seafood,NatureBest,3.92,oz
P100385,SKU-000385,GoodFoods Frozen Item 0385,Frozen,GoodFoods,10.23,dozen
P100386,SKU-000386,ValuMart Seafood Item 0386,Seafood,ValuMart,7.80,pack
P100387,SKU-000387,NatureBest Snacks Item 0387,Snacks,NatureBest,7.80,lb
P100388,SKU-000388,NatureBest Personal Care Item 0388,Personal Care,NatureBest,3.40,oz
P100389,SKU-000389,Acme Personal Care Item 0389,Personal Care,Acme,1.98,gal
P100390,SKU-000390,Acme Produce Item 0390,Produce,Acme,10.88,lb
P100391,SKU-000391,FarmFresh Seafood Item 0391,Seafood,FarmFresh,4.36,pack
P100392,SKU-000392,UrbanEats Personal Care Item 0392,Personal Care,UrbanEats,8.89,each
P100393,SKU-000393,UrbanEats Household Item 0393,Household,UrbanEats,3.58,dozen
P100394,SKU-000394,ValuMart Meat Item 0394,Meat,ValuMart,1.61,l
P100395,SKU-000395,FarmFresh Bakery Item 0395,Bakery,FarmFresh,7.32,ml
P100396,SKU-000396,DailyChoice Beverages Item 0396,Beverages,DailyChoice,5.10,ml
P100397,SKU-000397,FarmFresh Frozen Item 0397,Frozen,FarmFresh,7.41,gal
P100398,SKU-000398,GoodFoods Bakery Item 0398,Bakery,GoodFoods,4.59,gal
P100399,SKU-000399,DailyChoice Seafood Item 0399,Seafood,DailyChoice,9.05,ml
P100400,SKU-000400,Acme Bakery Item 0400,Bakery,Acme,5.26,lb
P100401,SKU-000401,DailyChoice Personal Care Item 0401,Personal Care,DailyChoice,8.86,l
P100402,SKU-000402,PremiumCo Bakery Item 0402,Bakery,PremiumCo,6.65,gal
P100403,SKU-000403,UrbanEats Snacks Item 0403,Snacks,UrbanEats,7.64,ml
P100404,SKU-000404,Acme Seafood Item 0404,Seafood,Acme,8.53,ml
P100405,SKU-000405,DailyChoice Beverages Item 0405,Beverages,DailyChoice,7.61,pack
P100406,SKU-000406,Acme Personal Care Item 0406,Personal Care,Acme,9.33,gal
P100407,SKU-000407,ValuMart Household Item 0407,Household,ValuMart,7.09,ml
P100408,SKU-000408,GoodFoods Snacks Item 0408,Snacks,GoodFoods,0.49,each
P100409,SKU-000409,PremiumCo Frozen Item 0409,Frozen,PremiumCo,8.61,l
P100410,SKU-000410,Acme Produce Item 0410,Produce,Acme,4.22,l
P100411,SKU-000411,GoodFoods Snacks Item 0411,Snacks,GoodFoods,5.16,dozen
P100412,SKU-000412,ValuMart Pantry Item 0412,Pantry,ValuMart,7.91,ml
P100413,SKU-000413,NatureBest Personal Care Item 0413,Personal Care,NatureBest,2.27,lb
P100414,SKU-000414,PremiumCo Dairy Item 0414,Dairy,PremiumCo,6.76,l
P100415,SKU-000415,DailyChoice Frozen Item 0415,Frozen,DailyChoice,3.38,oz
P100416,SKU-000416,Acme Personal Care Item 0416,Personal Care,Acme,7.56,l
P100417,SKU-000417,UrbanEats Frozen Item 0417,Frozen,UrbanEats,6.46,ml
P100418,SKU-000418,PremiumCo Bakery Item 0418,Bakery,PremiumCo,8.39,oz
P100419,SKU-000419,PremiumCo Pantry Item 0419,Pantry,PremiumCo,4.90,dozen
P100420,SKU-000420,ValuMart Snacks Item 0420,Snacks,ValuMart,5.46,ml
P100421,SKU-000421,FarmFresh Frozen Item 0421,Frozen,FarmFresh,6.09,lb
P100422,SKU-000422,Acme Personal Care Item 0422,Personal Care,Acme,4.07,dozen
P100423,SKU-000423,Acme Household Item 0423,Household,Acme,4.65,pack
P100424,SKU-000424,NatureBest Personal Care Item 0424,Personal Care,NatureBest,1.26,ml
P100425,SKU-000425,DailyChoice Pantry Item 0425,Pantry,DailyChoice,5.27,oz
P100426,SKU-000426,DailyChoice Produce Item 0426,Produce,DailyChoice,8.58,lb
P100427,SKU-000427,DailyChoice Bakery Item 0427,Bakery,DailyChoice,6.31,l
P100428,SKU-000428,Acme Pantry Item 0428,Pantry,Acme,5.00,ml
P100429,SKU-000429,UrbanEats Snacks Item 0429,Snacks,UrbanEats,2.51,gal
P100430,SKU-000430,PremiumCo Snacks Item 0430,Snacks,PremiumCo,9.21,l
P100431,SKU-000431,PremiumCo Snacks Item 0431,Snacks,PremiumCo,5.11,gal
P100432,SKU-000432,UrbanEats Household Item 0432,Household,UrbanEats,6.80,dozen
P100433,SKU-000433,DailyChoice Snacks Item 0433,Snacks,DailyChoice,8.11,dozen
P100434,SKU-000434,DailyChoice Seafood Item 0434,Seafood,DailyChoice,4.73,dozen
P100435,SKU-000435,ValuMart Beverages Item 0435,Beverages,ValuMart,2.77,gal
P100436,SKU-000436,FarmFresh Seafood Item 0436,Seafood,FarmFresh,8.38,lb
P100437,SKU-000437,ValuMart Frozen Item 0437,Frozen,ValuMart,4.17,oz
P100438,SKU-000438,GoodFoods Produce Item 0438,Produce,GoodFoods,4.15,dozen
P100439,SKU-000439,DailyChoice Seafood Item 0439,Seafood,DailyChoice,8.67,ml
P100440,SKU-000440,ValuMart Meat Item 0440,Meat,ValuMart,8.70,dozen
P100441,SKU-000441,DailyChoice Personal Care Item 0441,Personal Care,DailyChoice,9.15,pack
P100442,SKU-000442,DailyChoice Produce Item 0442,Produce,DailyChoice,8.93,pack
P100443,SKU-000443,NatureBest Beverages Item 0443,Beverages,NatureBest,7.00,lb
P100444,SKU-000444,FarmFresh Produce Item 0444,Produce,FarmFresh,2.46,oz
P100445,SKU-000445,DailyChoice Beverages Item 0445,Beverages,DailyChoice,0.93,ml
P100446,SKU-000446,ValuMart Seafood Item 0446,Seafood,ValuMart,2.01,gal
P100447,SKU-000447,Acme Dairy Item 0447,Dairy,Acme,0.80,pack
P100448,SKU-000448,NatureBest Bakery Item 0448,Bakery,NatureBest,6.75,l
P100449,SKU-000449,NatureBest Pantry Item 0449,Pantry,NatureBest,5.67,ml
P100450,SKU-000450,Acme Seafood Item 0450,Seafood,Acme,4.78,each
P100451,SKU-000451,UrbanEats Frozen Item 0451,Frozen,UrbanEats,9.89,dozen
P100452,SKU-000452,NatureBest Household Item 0452,Household,NatureBest,8.00,ml
P100453,SKU-000453,PremiumCo Meat Item 0453,Meat,PremiumCo,3.29,lb
P100454,SKU-000454,ValuMart Bakery Item 0454,Bakery,ValuMart,5.90,ml
P100455,SKU-000455,DailyChoice Frozen Item 0455,Frozen,DailyChoice,5.50,dozen
P100456,SKU-000456,FarmFresh Bakery Item 0456,Bakery,FarmFresh,4.73,l
P100457,SKU-000457,NatureBest Household Item 0457,Household,NatureBest,5.88,lb
P100458,SKU-000458,PremiumCo Bakery Item 0458,Bakery,PremiumCo,6.32,ml
P100459,SKU-000459,UrbanEats Pantry Item 0459,Pantry,UrbanEats,5.86,pack
P100460,SKU-000460,ValuMart Seafood Item 0460,Seafood,ValuMart,2.60,gal
P100461,SKU-000461,DailyChoice Seafood Item 0461,Seafood,DailyChoice,4.06,gal
P100462,SKU-000462,UrbanEats Produce Item 0462,Produce,UrbanEats,4.93,lb
P100463,SKU-000463,GoodFoods Snacks Item 0463,Snacks,GoodFoods,8.87,dozen
P100464,SKU-000464,PremiumCo Household Item 0464,Household,PremiumCo,4.41,dozen
P100465,SKU-000465,NatureBest Bakery Item 0465,Bakery,NatureBest,4.61,ml
P100466,SKU-000466,FarmFresh Beverages Item 0466,Beverages,FarmFresh,4.03,gal
P100467,SKU-000467,DailyChoice Snacks Item 0467,Snacks,DailyChoice,0.49,pack
P100468,SKU-000468,UrbanEats Household Item 0468,Household,UrbanEats,3.20,lb
P100469,SKU-000469,Acme Personal Care Item 0469,Personal Care,Acme,5.50,lb
P100470,SKU-000470,NatureBest Snacks Item 0470,Snacks,NatureBest,9.01,pack
P100471,SKU-000471,DailyChoice Beverages Item 0471,Beverages,DailyChoice,11.06,lb
P100472,SKU-000472,GoodFoods Personal Care Item 0472,Personal Care,GoodFoods,8.62,ml
P100473,SKU-000473,NatureBest Produce Item 0473,Produce,NatureBest,4.07,ml
P100474,SKU-000474,UrbanEats Snacks Item 0474,Snacks,UrbanEats,2.47,l
P100475,SKU-000475,Acme Household Item 0475,Household,Acme,4.50,dozen
P100476,SKU-000476,Acme Pantry Item 0476,Pantry,Acme,5.90,dozen
P100477,SKU-000477,PremiumCo Produce Item 0477,Produce,PremiumCo,2.06,l
P100478,SKU-000478,GoodFoods Dairy Item 0478,Dairy,GoodFoods,9.38,each
P100479,SKU-000479,NatureBest Seafood Item 0479,Seafood,NatureBest,5.71,l
P100480,SKU-000480,PremiumCo Bakery Item 0480,Bakery,PremiumCo,8.94,l
P100481,SKU-000481,GoodFoods Pantry Item 0481,Pantry,GoodFoods,5.87,l
P100482,SKU-000482,PremiumCo Household Item 0482,Household,PremiumCo,12.93,oz
P100483,SKU-000483,DailyChoice Pantry Item 0483,Pantry,DailyChoice,12.40,oz
P100484,SKU-000484,ValuMart Produce Item 0484,Produce,ValuMart,1.35,each
P100485,SKU-000485,DailyChoice Pantry Item 0485,Pantry,DailyChoice,7.10,l
P100486,SKU-000486,PremiumCo Meat Item 0486,Meat,PremiumCo,7.09,ml
P100487,SKU-000487,FarmFresh Dairy Item 0487,Dairy,FarmFresh,7.60,each
P100488,SKU-000488,DailyChoice Personal Care Item 0488,Personal Care,DailyChoice,6.38,each
P100489,SKU-000489,Acme Produce Item 0489,Produce,Acme,7.33,ml
P100490,SKU-000490,FarmFresh Meat Item 0490,Meat,FarmFresh,2.53,each
P100491,SKU-000491,ValuMart Produce Item 0491,Produce,ValuMart,7.40,oz
P100492,SKU-000492,PremiumCo Meat Item 0492,Meat,PremiumCo,6.50,gal
P100493,SKU-000493,FarmFresh Household Item 0493,Household,FarmFresh,12.11,pack
P100494,SKU-000494,Acme Seafood Item 0494,Seafood,Acme,2.24,dozen
P100495,SKU-000495,UrbanEats Bakery Item 0495,Bakery,UrbanEats,4.60,l
P100496,SKU-000496,FarmFresh Produce Item 0496,Produce,FarmFresh,6.59,gal
P100497,SKU-000497,NatureBest Pantry Item 0497,Pantry,NatureBest,3.44,l
P100498,SKU-000498,NatureBest Seafood Item 0498,Seafood,NatureBest,6.09,l
P100499,SKU-000499,NatureBest Meat Item 0499,Meat,NatureBest,2.60,dozen
P100500,SKU-000500,FarmFresh Beverages Item 0500,Beverages,FarmFresh,9.75,each
P100501,SKU-000501,DailyChoice Bakery Item 0501,Bakery,DailyChoice,5.23,l
P100502,SKU-000502,PremiumCo Seafood Item 0502,Seafood,PremiumCo,1.90,pack
P100503,SKU-000503,DailyChoice Frozen Item 0503,Frozen,DailyChoice,0.60,lb
P100504,SKU-000504,FarmFresh Produce Item 0504,Produce,FarmFresh,4.12,dozen
P100505,SKU-000505,DailyChoice Dairy Item 0505,Dairy,DailyChoice,2.38,pack
P100506,SKU-000506,PremiumCo Beverages Item 0506,Beverages,PremiumCo,3.85,pack
P100507,SKU-000507,GoodFoods Meat Item 0507,Meat,GoodFoods,12.20,pack
P100508,SKU-000508,DailyChoice Beverages Item 0508,Beverages,DailyChoice,4.23,pack
P100509,SKU-000509,FarmFresh Frozen Item 0509,Frozen,FarmFresh,7.34,dozen
P100510,SKU-000510,ValuMart Beverages Item 0510,Beverages,ValuMart,5.74,gal
P100511,SKU-000511,GoodFoods Beverages Item 0511,Beverages,GoodFoods,9.59,ml
P100512,SKU-000512,DailyChoice Beverages Item 0512,Beverages,DailyChoice,3.87,gal
P100513,SKU-000513,NatureBest Personal Care Item 0513,Personal Care,NatureBest,8.25,pack
P100514,SKU-000514,FarmFresh Produce Item 0514,Produce,FarmFresh,5.44,dozen
P100515,SKU-000515,DailyChoice Meat Item 0515,Meat,DailyChoice,7.90,l
P100516,SKU-000516,ValuMart Beverages Item 0516,Beverages,ValuMart,6.29,gal
P100517,SKU-000517,UrbanEats Household Item 0517,Household,UrbanEats,2.54,ml
P100518,SKU-000518,NatureBest Bakery Item 0518,Bakery,NatureBest,8.41,gal
P100519,SKU-000519,Acme Bakery Item 0519,Bakery,Acme,8.91,each
P100520,SKU-000520,Acme Dairy Item 0520,Dairy,Acme,1.08,each
P100521,SKU-000521,NatureBest Meat Item 0521,Meat,NatureBest,9.02,lb
P100522,SKU-000522,UrbanEats Produce Item 0522,Produce,UrbanEats,3.09,pack
P100523,SKU-000523,UrbanEats Household Item 0523,Household,UrbanEats,8.98,ml
P100524,SKU-000524,FarmFresh Produce Item 0524,Produce,FarmFresh,9.67,each
P100525,SKU-000525,Acme Seafood Item 0525,Seafood,Acme,6.27,dozen
P100526,SKU-000526,NatureBest Snacks Item 0526,Snacks,NatureBest,7.06,l
P100527,SKU-000527,DailyChoice Bakery Item 0527,Bakery,DailyChoice,6.84,pack
P100528,SKU-000528,PremiumCo Personal Care Item 0528,Personal Care,PremiumCo,5.67,dozen
P100529,SKU-000529,UrbanEats Frozen Item 0529,Frozen,UrbanEats,9.00,l
P100530,SKU-000530,DailyChoice Personal Care Item 0530,Personal Care,DailyChoice,4.26,pack
P100531,SKU-000531,GoodFoods Dairy Item 0531,Dairy,GoodFoods,11.35,each
P100532,SKU-000532,FarmFresh Pantry Item 0532,Pantry,FarmFresh,5.04,l
P100533,SKU-000533,GoodFoods Produce Item 0533,Produce,GoodFoods,5.67,oz
P100534,SKU-000534,PremiumCo Beverages Item 0534,Beverages,PremiumCo,0.57,l
P100535,SKU-000535,DailyChoice Dairy Item 0535,Dairy,DailyChoice,3.62,each
P100536,SKU-000536,ValuMart Meat Item 0536,Meat,ValuMart,7.13,ml
P100537,SKU-000537,NatureBest Seafood Item 0537,Seafood,NatureBest,6.34,each
P100538,SKU-000538,DailyChoice Frozen Item 0538,Frozen,DailyChoice,1.72,each
P100539,SKU-000539,ValuMart Pantry Item 0539,Pantry,ValuMart,3.39,lb
P100540,SKU-000540,FarmFresh Bakery Item 0540,Bakery,FarmFresh,4.34,pack
P100541,SKU-000541,GoodFoods Pantry Item 0541,Pantry,GoodFoods,2.64,oz
P100542,SKU-000542,Acme Snacks Item 0542,Snacks,Acme,7.78,gal
P100543,SKU-000543,FarmFresh Dairy Item 0543,Dairy,FarmFresh,7.26,gal
P100544,SKU-000544,ValuMart Frozen Item 0544,Frozen,ValuMart,6.69,each
P100545,SKU-000545,FarmFresh Meat Item 0545,Meat,FarmFresh,2.79,gal
P100546,SKU-000546,FarmFresh Pantry Item 0546,Pantry,FarmFresh,9.58,oz
P100547,SKU-000547,GoodFoods Meat Item 0547,Meat,GoodFoods,8.14,lb
P100548,SKU-000548,FarmFresh Seafood Item 0548,Seafood,FarmFresh,4.99,oz
P100549,SKU-000549,PremiumCo Pantry Item 0549,Pantry,PremiumCo,1.87,gal
P100550,SKU-000550,Acme Dairy Item 0550,Dairy,Acme,9.05,lb
P100551,SKU-000551,NatureBest Seafood Item 0551,Seafood,NatureBest,4.86,lb
P100552,SKU-000552,FarmFresh Dairy Item 0552,Dairy,FarmFresh,2.38,oz
P100553,SKU-000553,Acme Pantry Item 0553,Pantry,Acme,7.21,lb
P100554,SKU-000554,GoodFoods Dairy Item 0554,Dairy,GoodFoods,1.69,gal
P100555,SKU-000555,ValuMart Pantry Item 0555,Pantry,ValuMart,2.99,each
P100556,SKU-000556,GoodFoods Pantry Item 0556,Pantry,GoodFoods,5.40,l
P100557,SKU-000557,FarmFresh Meat Item 0557,Meat,FarmFresh,2.21,oz
P100558,SKU-000558,ValuMart Bakery Item 0558,Bakery,ValuMart,4.90,oz
P100559,SKU-000559,FarmFresh Dairy Item 0559,Dairy,FarmFresh,9.32,oz
P100560,SKU-000560,ValuMart Seafood Item 0560,Seafood,ValuMart,4.81,l
P100561,SKU-000561,UrbanEats Seafood Item 0561,Seafood,UrbanEats,6.12,pack
P100562,SKU-000562,UrbanEats Personal Care Item 0562,Personal Care,UrbanEats,8.00,pack
P100563,SKU-000563,FarmFresh Pantry Item 0563,Pantry,FarmFresh,7.59,gal
P100564,SKU-000564,PremiumCo Frozen Item 0564,Frozen,PremiumCo,0.93,ml
P100565,SKU-000565,ValuMart Household Item 0565,Household,ValuMart,8.36,oz
P100566,SKU-000566,UrbanEats Frozen Item 0566,Frozen,UrbanEats,2.96,pack
P100567,SKU-000567,UrbanEats Frozen Item 0567,Frozen,UrbanEats,13.13,dozen
P100568,SKU-000568,PremiumCo Personal Care Item 0568,Personal Care,PremiumCo,2.07,pack
P100569,SKU-000569,GoodFoods Pantry Item 0569,Pantry,GoodFoods,9.88,gal
P100570,SKU-000570,NatureBest Personal Care Item 0570,Personal Care,NatureBest,4.42,pack
P100571,SKU-000571,UrbanEats Beverages Item 0571,Beverages,UrbanEats,2.55,pack
P100572,SKU-000572,FarmFresh Seafood Item 0572,Seafood,FarmFresh,5.24,lb
P100573,SKU-000573,ValuMart Seafood Item 0573,Seafood,ValuMart,4.55,pack
P100574,SKU-000574,FarmFresh Household Item 0574,Household,FarmFresh,6.29,oz
P100575,SKU-000575,FarmFresh Personal Care Item 0575,Personal Care,FarmFresh,4.86,ml
P100576,SKU-000576,Acme Snacks Item 0576,Snacks,Acme,6.72,l
P100577,SKU-000577,GoodFoods Snacks Item 0577,Snacks,GoodFoods,3.26,lb
P100578,SKU-000578,NatureBest Meat Item 0578,Meat,NatureBest,5.46,gal
P100579,SKU-000579,PremiumCo Household Item 0579,Household,PremiumCo,5.28,l
P100580,SKU-000580,Acme Pantry Item 0580,Pantry,Acme,7.73,lb
P100581,SKU-000581,UrbanEats Snacks Item 0581,Snacks,UrbanEats,7.23,pack
P100582,SKU-000582,UrbanEats Frozen Item 0582,Frozen,UrbanEats,6.56,l
P100583,SKU-000583,PremiumCo Snacks Item 0583,Snacks,PremiumCo,2.04,oz
P100584,SKU-000584,GoodFoods Produce Item 0584,Produce,GoodFoods,4.10,ml
P100585,SKU-000585,NatureBest Dairy Item 0585,Dairy,NatureBest,12.48,lb
P100586,SKU-000586,PremiumCo Frozen Item 0586,Frozen,PremiumCo,4.04,dozen
P100587,SKU-000587,UrbanEats Beverages Item 0587,Beverages,UrbanEats,6.57,gal
P100588,SKU-000588,UrbanEats Dairy Item 0588,Dairy,UrbanEats,4.94,ml
P100589,SKU-000589,PremiumCo Dairy Item 0589,Dairy,PremiumCo,8.30,each
P100590,SKU-000590,NatureBest Household Item 0590,Household,NatureBest,10.46,lb
P100591,SKU-000591,NatureBest Snacks Item 0591,Snacks,NatureBest,3.90,oz
P100592,SKU-000592,UrbanEats Frozen Item 0592,Frozen,UrbanEats,6.35,l
P100593,SKU-000593,FarmFresh Bakery Item 0593,Bakery,FarmFresh,9.04,oz
P100594,SKU-000594,DailyChoice Pantry Item 0594,Pantry,DailyChoice,2.98,each
P100595,SKU-000595,DailyChoice Produce Item 0595,Produce,DailyChoice,6.99,pack
P100596,SKU-000596,GoodFoods Seafood Item 0596,Seafood,GoodFoods,7.14,lb
P100597,SKU-000597,DailyChoice Frozen Item 0597,Frozen,DailyChoice,2.46,gal
P100598,SKU-000598,ValuMart Beverages Item 0598,Beverages,ValuMart,4.34,lb
P100599,SKU-000599,FarmFresh Household Item 0599,Household,FarmFresh,2.94,gal
P100600,SKU-000600,GoodFoods Personal Care Item 0600,Personal Care,GoodFoods,2.65,l
P100601,SKU-000601,ValuMart Personal Care Item 0601,Personal Care,ValuMart,10.73,oz
P100602,SKU-000602,NatureBest Personal Care Item 0602,Personal Care,NatureBest,5.14,lb
P100603,SKU-000603,PremiumCo Dairy Item 0603,Dairy,PremiumCo,8.04,oz
P100604,SKU-000604,FarmFresh Bakery Item 0604,Bakery,FarmFresh,2.77,l
P100605,SKU-000605,UrbanEats Pantry Item 0605,Pantry,UrbanEats,3.77,oz
P100606,SKU-000606,NatureBest Household Item 0606,Household,NatureBest,4.35,oz
P100607,SKU-000607,Acme Frozen Item 0607,Frozen,Acme,6.11,ml
P100608,SKU-000608,UrbanEats Frozen Item 0608,Frozen,UrbanEats,9.61,each
P100609,SKU-000609,FarmFresh Snacks Item 0609,Snacks,FarmFresh,10.17,ml
P100610,SKU-000610,FarmFresh Household Item 0610,Household,FarmFresh,5.19,ml
P100611,SKU-000611,Acme Bakery Item 0611,Bakery,Acme,2.85,lb
P100612,SKU-000612,Acme Meat Item 0612,Meat,Acme,5.42,dozen
P100613,SKU-000613,UrbanEats Bakery Item 0613,Bakery,UrbanEats,9.68,ml
P100614,SKU-000614,GoodFoods Snacks Item 0614,Snacks,GoodFoods,5.58,lb
P100615,SKU-000615,UrbanEats Frozen Item 0615,Frozen,UrbanEats,9.73,each
P100616,SKU-000616,FarmFresh Snacks Item 0616,Snacks,FarmFresh,10.52,pack
P100617,SKU-000617,Acme Meat Item 0617,Meat,Acme,9.39,dozen
P100618,SKU-000618,PremiumCo Beverages Item 0618,Beverages,PremiumCo,6.83,dozen
P100619,SKU-000619,DailyChoice Dairy Item 0619,Dairy,DailyChoice,5.03,pack
P100620,SKU-000620,FarmFresh Personal Care Item 0620,Personal Care,FarmFresh,6.83,gal
P100621,SKU-000621,Acme Meat Item 0621,Meat,Acme,7.42,pack
P100622,SKU-000622,ValuMart Personal Care Item 0622,Personal Care,ValuMart,4.51,gal
P100623,SKU-000623,ValuMart Seafood Item 0623,Seafood,ValuMart,4.96,dozen
P100624,SKU-000624,NatureBest Snacks Item 0624,Snacks,NatureBest,11.12,lb
P100625,SKU-000625,NatureBest Produce Item 0625,Produce,NatureBest,4.78,dozen
P100626,SKU-000626,NatureBest Bakery Item 0626,Bakery,NatureBest,4.65,pack
P100627,SKU-000627,UrbanEats Household Item 0627,Household,UrbanEats,0.53,l
P100628,SKU-000628,FarmFresh Bakery Item 0628,Bakery,FarmFresh,5.16,dozen
P100629,SKU-000629,ValuMart Dairy Item 0629,Dairy,ValuMart,6.84,l
P100630,SKU-000630,UrbanEats Frozen Item 0630,Frozen,UrbanEats,5.90,ml
P100631,SKU-000631,PremiumCo Dairy Item 0631,Dairy,PremiumCo,6.19,ml
P100632,SKU-000632,DailyChoice Dairy Item 0632,Dairy,DailyChoice,11.49,l
P100633,SKU-000633,PremiumCo Beverages Item 0633,Beverages,PremiumCo,4.89,dozen
P100634,SKU-000634,NatureBest Seafood Item 0634,Seafood,NatureBest,2.84,gal
P100635,SKU-000635,Acme Frozen Item 0635,Frozen,Acme,4.60,each
P100636,SKU-000636,Acme Dairy Item 0636,Dairy,Acme,10.21,ml
P100637,SKU-000637,Acme Beverages Item 0637,Beverages,Acme,10.17,ml
P100638,SKU-000638,NatureBest Pantry Item 0638,Pantry,NatureBest,7.88,pack
P100639,SKU-000639,PremiumCo Seafood Item 0639,Seafood,PremiumCo,4.28,lb
P100640,SKU-000640,PremiumCo Seafood Item 0640,Seafood,PremiumCo,3.78,lb
P100641,SKU-000641,ValuMart Produce Item 0641,Produce,ValuMart,2.27,l
P100642,SKU-000642,GoodFoods Meat Item 0642,Meat,GoodFoods,5.96,l
P100643,SKU-000643,NatureBest Beverages Item 0643,Beverages,NatureBest,5.87,lb
P100644,SKU-000644,UrbanEats Personal Care Item 0644,Personal Care,UrbanEats,10.62,pack
P100645,SKU-000645,NatureBest Dairy Item 0645,Dairy,NatureBest,6.27,l
P100646,SKU-000646,DailyChoice Beverages Item 0646,Beverages,DailyChoice,2.39,lb
P100647,SKU-000647,PremiumCo Dairy Item 0647,Dairy,PremiumCo,9.26,lb
P100648,SKU-000648,NatureBest Frozen Item 0648,Frozen,NatureBest,1.93,dozen
P100649,SKU-000649,GoodFoods Bakery Item 0649,Bakery,GoodFoods,9.69,oz
P100650,SKU-000650,NatureBest Snacks Item 0650,Snacks,NatureBest,1.53,each
P100651,SKU-000651,FarmFresh Household Item 0651,Household,FarmFresh,7.77,oz
P100652,SKU-000652,DailyChoice Personal Care Item 0652,Personal Care,DailyChoice,7.18,ml
P100653,SKU-000653,PremiumCo Dairy Item 0653,Dairy,PremiumCo,6.72,l
P100654,SKU-000654,NatureBest Pantry Item 0654,Pantry,NatureBest,6.06,gal
P100655,SKU-000655,Acme Meat Item 0655,Meat,Acme,10.31,dozen
P100656,SKU-000656,DailyChoice Household Item 0656,Household,DailyChoice,2.44,dozen
P100657,SKU-000657,Acme Pantry Item 0657,Pantry,Acme,5.60,dozen
P100658,SKU-000658,FarmFresh Meat Item 0658,Meat,FarmFresh,8.68,ml
P100659,SKU-000659,Acme Personal Care Item 0659,Personal Care,Acme,8.30,lb
P100660,SKU-000660,NatureBest Frozen Item 0660,Frozen,NatureBest,1.66,gal
P100661,SKU-000661,NatureBest Pantry Item 0661,Pantry,NatureBest,9.74,gal
P100662,SKU-000662,Acme Beverages Item 0662,Beverages,Acme,5.57,lb
P100663,SKU-000663,Acme Meat Item 0663,Meat,Acme,5.74,each
P100664,SKU-000664,FarmFresh Pantry Item 0664,Pantry,FarmFresh,3.30,dozen
P100665,SKU-000665,ValuMart Household Item 0665,Household,ValuMart,7.41,oz
P100666,SKU-000666,GoodFoods Dairy Item 0666,Dairy,GoodFoods,3.98,dozen
P100667,SKU-000667,FarmFresh Bakery Item 0667,Bakery,FarmFresh,5.86,gal
P100668,SKU-000668,ValuMart Personal Care Item 0668,Personal Care,ValuMart,4.46,lb
P100669,SKU-000669,DailyChoice Meat Item 0669,Meat,DailyChoice,1.40,each
P100670,SKU-000670,GoodFoods Dairy Item 0670,Dairy,GoodFoods,2.06,l
P100671,SKU-000671,GoodFoods Seafood Item 0671,Seafood,GoodFoods,7.19,oz
P100672,SKU-000672,Acme Produce Item 0672,Produce,Acme,9.82,oz
P100673,SKU-000673,NatureBest Snacks Item 0673,Snacks,NatureBest,12.36,dozen
P100674,SKU-000674,ValuMart Frozen Item 0674,Frozen,ValuMart,5.84,oz
P100675,SKU-000675,FarmFresh Produce Item 0675,Produce,FarmFresh,4.50,gal
P100676,SKU-000676,ValuMart Seafood Item 0676,Seafood,ValuMart,5.08,lb
P100677,SKU-000677,UrbanEats Dairy Item 0677,Dairy,UrbanEats,2.18,ml
P100678,SKU-000678,Acme Snacks Item 0678,Snacks,Acme,2.12,gal
P100679,SKU-000679,ValuMart Frozen Item 0679,Frozen,ValuMart,6.01,oz
P100680,SKU-000680,DailyChoice Dairy Item 0680,Dairy,DailyChoice,5.99,lb
P100681,SKU-000681,Acme Produce Item 0681,Produce,Acme,5.79,pack
P100682,SKU-000682,FarmFresh Beverages Item 0682,Beverages,FarmFresh,7.65,gal
P100683,SKU-000683,DailyChoice Produce Item 0683,Produce,DailyChoice,5.09,l
P100684,SKU-000684,FarmFresh Frozen Item 0684,Frozen,FarmFresh,8.27,pack
P100685,SKU-000685,GoodFoods Dairy Item 0685,Dairy,GoodFoods,4.67,gal
P100686,SKU-000686,NatureBest Snacks Item 0686,Snacks,NatureBest,6.61,each
P100687,SKU-000687,GoodFoods Produce Item 0687,Produce,GoodFoods,9.56,l
P100688,SKU-000688,ValuMart Beverages Item 0688,Beverages,ValuMart,4.22,dozen
P100689,SKU-000689,DailyChoice Produce Item 0689,Produce,DailyChoice,9.37,gal
P100690,SKU-000690,DailyChoice Seafood Item 0690,Seafood,DailyChoice,2.09,dozen
P100691,SKU-000691,DailyChoice Beverages Item 0691,Beverages,DailyChoice,6.90,pack
P100692,SKU-000692,FarmFresh Bakery Item 0692,Bakery,FarmFresh,9.70,each
P100693,SKU-000693,PremiumCo Household Item 0693,Household,PremiumCo,6.56,each
P100694,SKU-000694,ValuMart Produce Item 0694,Produce,ValuMart,8.93,l
P100695,SKU-000695,UrbanEats Meat Item 0695,Meat,UrbanEats,8.24,l
P100696,SKU-000696,ValuMart Produce Item 0696,Produce,ValuMart,11.64,oz
P100697,SKU-000697,PremiumCo Snacks Item 0697,Snacks,PremiumCo,9.73,l
P100698,SKU-000698,GoodFoods Beverages Item 0698,Beverages,GoodFoods,1.73,lb
P100699,SKU-000699,Acme Pantry Item 0699,Pantry,Acme,5.85,lb
P100700,SKU-000700,DailyChoice Pantry Item 0700,Pantry,DailyChoice,4.48,oz
P100701,SKU-000701,PremiumCo Pantry Item 0701,Pantry,PremiumCo,11.65,gal
P100702,SKU-000702,DailyChoice Beverages Item 0702,Beverages,DailyChoice,7.80,dozen
P100703,SKU-000703,NatureBest Personal Care Item 0703,Personal Care,NatureBest,6.91,lb
P100704,SKU-000704,UrbanEats Dairy Item 0704,Dairy,UrbanEats,3.00,oz
P100705,SKU-000705,DailyChoice Snacks Item 0705,Snacks,DailyChoice,6.65,gal
P100706,SKU-000706,UrbanEats Beverages Item 0706,Beverages,UrbanEats,5.86,dozen
P100707,SKU-000707,Acme Bakery Item 0707,Bakery,Acme,7.51,dozen
P100708,SKU-000708,NatureBest Meat Item 0708,Meat,NatureBest,7.90,gal
P100709,SKU-000709,Acme Frozen Item 0709,Frozen,Acme,7.23,l
P100710,SKU-000710,ValuMart Household Item 0710,Household,ValuMart,6.79,dozen
P100711,SKU-000711,DailyChoice Pantry Item 0711,Pantry,DailyChoice,4.32,ml
P100712,SKU-000712,GoodFoods Dairy Item 0712,Dairy,GoodFoods,6.55,ml
P100713,SKU-000713,DailyChoice Produce Item 0713,Produce,DailyChoice,4.45,each
P100714,SKU-000714,FarmFresh Bakery Item 0714,Bakery,FarmFresh,3.06,pack
P100715,SKU-000715,ValuMart Household Item 0715,Household,ValuMart,9.04,lb
P100716,SKU-000716,GoodFoods Dairy Item 0716,Dairy,GoodFoods,7.39,each
P100717,SKU-000717,PremiumCo Bakery Item 0717,Bakery,PremiumCo,10.09,lb
P100718,SKU-000718,UrbanEats Dairy Item 0718,Dairy,UrbanEats,12.47,each
P100719,SKU-000719,UrbanEats Pantry Item 0719,Pantry,UrbanEats,8.13,l
P100720,SKU-000720,FarmFresh Produce Item 0720,Produce,FarmFresh,6.97,l
P100721,SKU-000721,ValuMart Bakery Item 0721,Bakery,ValuMart,7.85,dozen
P100722,SKU-000722,Acme Beverages Item 0722,Beverages,Acme,2.87,oz
P100723,SKU-000723,UrbanEats Household Item 0723,Household,UrbanEats,3.27,dozen
P100724,SKU-000724,Acme Pantry Item 0724,Pantry,Acme,8.51,ml
P100725,SKU-000725,DailyChoice Pantry Item 0725,Pantry,DailyChoice,7.54,pack
P100726,SKU-000726,FarmFresh Household Item 0726,Household,FarmFresh,6.56,each
P100727,SKU-000727,PremiumCo Snacks Item 0727,Snacks,PremiumCo,3.23,ml
P100728,SKU-000728,FarmFresh Personal Care Item 0728,Personal Care,FarmFresh,5.91,gal
P100729,SKU-000729,Acme Personal Care Item 0729,Personal Care,Acme,6.68,pack
P100730,SKU-000730,UrbanEats Seafood Item 0730,Seafood,UrbanEats,0.97,each
P100731,SKU-000731,GoodFoods Meat Item 0731,Meat,GoodFoods,5.06,oz
P100732,SKU-000732,ValuMart Meat Item 0732,Meat,ValuMart,0.81,pack
P100733,SKU-000733,FarmFresh Produce Item 0733,Produce,FarmFresh,4.88,pack
P100734,SKU-000734,NatureBest Frozen Item 0734,Frozen,NatureBest,6.22,oz
P100735,SKU-000735,PremiumCo Frozen Item 0735,Frozen,PremiumCo,8.62,each
P100736,SKU-000736,DailyChoice Personal Care Item 0736,Personal Care,DailyChoice,8.83,oz
P100737,SKU-000737,NatureBest Beverages Item 0737,Beverages,NatureBest,1.32,dozen
P100738,SKU-000738,GoodFoods Beverages Item 0738,Beverages,GoodFoods,9.82,each
P100739,SKU-000739,Acme Produce Item 0739,Produce,Acme,7.41,ml
P100740,SKU-000740,NatureBest Frozen Item 0740,Frozen,NatureBest,4.99,pack
P100741,SKU-000741,Acme Frozen Item 0741,Frozen,Acme,7.58,each
P100742,SKU-000742,GoodFoods Bakery Item 0742,Bakery,GoodFoods,9.39,oz
P100743,SKU-000743,FarmFresh Dairy Item 0743,Dairy,FarmFresh,1.11,gal
P100744,SKU-000744,PremiumCo Personal Care Item 0744,Personal Care,PremiumCo,5.48,lb
P100745,SKU-000745,UrbanEats Bakery Item 0745,Bakery,UrbanEats,7.54,l
P100746,SKU-000746,NatureBest Household Item 0746,Household,NatureBest,4.98,gal
P100747,SKU-000747,DailyChoice Personal Care Item 0747,Personal Care,DailyChoice,2.28,gal
P100748,SKU-000748,FarmFresh Household Item 0748,Household,FarmFresh,4.40,oz
P100749,SKU-000749,Acme Bakery Item 0749,Bakery,Acme,10.29,oz
P100750,SKU-000750,Acme Personal Care Item 0750,Personal Care,Acme,7.09,l
P100751,SKU-000751,GoodFoods Personal Care Item 0751,Personal Care,GoodFoods,8.39,pack
P100752,SKU-000752,PremiumCo Beverages Item 0752,Beverages,PremiumCo,5.94,oz
P100753,SKU-000753,GoodFoods Frozen Item 0753,Frozen,GoodFoods,3.79,oz
P100754,SKU-000754,UrbanEats Household Item 0754,Household,UrbanEats,8.05,gal
P100755,SKU-000755,ValuMart Dairy Item 0755,Dairy,ValuMart,6.15,gal
P100756,SKU-000756,Acme Dairy Item 0756,Dairy,Acme,2.33,each
P100757,SKU-000757,UrbanEats Bakery Item 0757,Bakery,UrbanEats,9.20,l
P100758,SKU-000758,FarmFresh Pantry Item 0758,Pantry,FarmFresh,8.76,gal
P100759,SKU-000759,NatureBest Personal Care Item 0759,Personal Care,NatureBest,8.04,pack
P100760,SKU-000760,Acme Beverages Item 0760,Beverages,Acme,5.27,lb
P100761,SKU-000761,PremiumCo Dairy Item 0761,Dairy,PremiumCo,8.52,lb
P100762,SKU-000762,NatureBest Bakery Item 0762,Bakery,NatureBest,5.57,l
P100763,SKU-000763,UrbanEats Dairy Item 0763,Dairy,UrbanEats,2.25,gal
P100764,SKU-000764,NatureBest Produce Item 0764,Produce,NatureBest,3.50,l
P100765,SKU-000765,PremiumCo Produce Item 0765,Produce,PremiumCo,4.00,lb
P100766,SKU-000766,FarmFresh Meat Item 0766,Meat,FarmFresh,4.44,pack
P100767,SKU-000767,ValuMart Snacks Item 0767,Snacks,ValuMart,1.46,dozen
P100768,SKU-000768,GoodFoods Seafood Item 0768,Seafood,GoodFoods,9.72,pack
P100769,SKU-000769,Acme Beverages Item 0769,Beverages,Acme,7.20,oz
P100770,SKU-000770,FarmFresh Frozen Item 0770,Frozen,FarmFresh,10.76,each
P100771,SKU-000771,DailyChoice Household Item 0771,Household,DailyChoice,8.93,ml
P100772,SKU-000772,DailyChoice Dairy Item 0772,Dairy,DailyChoice,7.19,each
P100773,SKU-000773,GoodFoods Dairy Item 0773,Dairy,GoodFoods,8.19,ml
P100774,SKU-000774,UrbanEats Seafood Item 0774,Seafood,UrbanEats,1.60,l
P100775,SKU-000775,NatureBest Dairy Item 0775,Dairy,NatureBest,6.30,l
P100776,SKU-000776,PremiumCo Frozen Item 0776,Frozen,PremiumCo,6.35,l
P100777,SKU-000777,ValuMart Beverages Item 0777,Beverages,ValuMart,6.84,ml
P100778,SKU-000778,Acme Meat Item 0778,Meat,Acme,8.70,dozen
P100779,SKU-000779,PremiumCo Dairy Item 0779,Dairy,PremiumCo,9.77,lb
P100780,SKU-000780,DailyChoice Snacks Item 0780,Snacks,DailyChoice,0.57,l
P100781,SKU-000781,UrbanEats Snacks Item 0781,Snacks,UrbanEats,4.10,l
P100782,SKU-000782,UrbanEats Personal Care Item 0782,Personal Care,UrbanEats,5.09,pack
P100783,SKU-000783,GoodFoods Produce Item 0783,Produce,GoodFoods,8.87,oz
P100784,SKU-000784,NatureBest Beverages Item 0784,Beverages,NatureBest,11.37,oz
P100785,SKU-000785,FarmFresh Bakery Item 0785,Bakery,FarmFresh,5.05,each
P100786,SKU-000786,DailyChoice Dairy Item 0786,Dairy,DailyChoice,10.21,l
P100787,SKU-000787,PremiumCo Personal Care Item 0787,Personal Care,PremiumCo,5.93,dozen
P100788,SKU-000788,FarmFresh Dairy Item 0788,Dairy,FarmFresh,2.43,lb
P100789,SKU-000789,Acme Seafood Item 0789,Seafood,Acme,4.68,ml
P100790,SKU-000790,GoodFoods Personal Care Item 0790,Personal Care,GoodFoods,4.54,l
P100791,SKU-000791,GoodFoods Personal Care Item 0791,Personal Care,GoodFoods,6.87,lb
P100792,SKU-000792,ValuMart Personal Care Item 0792,Personal Care,ValuMart,10.16,lb
P100793,SKU-000793,FarmFresh Pantry Item 0793,Pantry,FarmFresh,1.43,dozen
P100794,SKU-000794,UrbanEats Household Item 0794,Household,UrbanEats,8.34,ml
P100795,SKU-000795,Acme Bakery Item 0795,Bakery,Acme,6.56,l
P100796,SKU-000796,DailyChoice Pantry Item 0796,Pantry,DailyChoice,9.24,gal
P100797,SKU-000797,Acme Seafood Item 0797,Seafood,Acme,7.04,gal
P100798,SKU-000798,ValuMart Frozen Item 0798,Frozen,ValuMart,5.34,dozen
P100799,SKU-000799,DailyChoice Household Item 0799,Household,DailyChoice,9.43,lb
P100800,SKU-000800,UrbanEats Bakery Item 0800,Bakery,UrbanEats,6.40,dozen
P100801,SKU-000801,DailyChoice Pantry Item 0801,Pantry,DailyChoice,3.39,lb
P100802,SKU-000802,FarmFresh Beverages Item 0802,Beverages,FarmFresh,5.71,pack
P100803,SKU-000803,NatureBest Frozen Item 0803,Frozen,NatureBest,0.94,each
P100804,SKU-000804,FarmFresh Dairy Item 0804,Dairy,FarmFresh,9.86,dozen
P100805,SKU-000805,NatureBest Personal Care Item 0805,Personal Care,NatureBest,10.41,each
P100806,SKU-000806,Acme Meat Item 0806,Meat,Acme,6.01,pack
P100807,SKU-000807,ValuMart Frozen Item 0807,Frozen,ValuMart,9.31,pack
P100808,SKU-000808,FarmFresh Frozen Item 0808,Frozen,FarmFresh,4.98,ml
P100809,SKU-000809,PremiumCo Produce Item 0809,Produce,PremiumCo,4.84,pack
P100810,SKU-000810,NatureBest Beverages Item 0810,Beverages,NatureBest,9.30,ml
P100811,SKU-000811,PremiumCo Snacks Item 0811,Snacks,PremiumCo,5.16,gal
P100812,SKU-000812,GoodFoods Bakery Item 0812,Bakery,GoodFoods,5.35,dozen
P100813,SKU-000813,DailyChoice Bakery Item 0813,Bakery,DailyChoice,8.89,pack
P100814,SKU-000814,DailyChoice Household Item 0814,Household,DailyChoice,5.63,pack
P100815,SKU-000815,UrbanEats Produce Item 0815,Produce,UrbanEats,9.06,each
P100816,SKU-000816,Acme Bakery Item 0816,Bakery,Acme,6.67,oz
P100817,SKU-000817,FarmFresh Seafood Item 0817,Seafood,FarmFresh,10.05,dozen
P100818,SKU-000818,UrbanEats Pantry Item 0818,Pantry,UrbanEats,5.96,gal
P100819,SKU-000819,GoodFoods Household Item 0819,Household,GoodFoods,9.36,l
P100820,SKU-000820,ValuMart Produce Item 0820,Produce,ValuMart,5.57,gal
P100821,SKU-000821,ValuMart Dairy Item 0821,Dairy,ValuMart,7.37,gal
P100822,SKU-000822,ValuMart Household Item 0822,Household,ValuMart,5.67,gal
P100823,SKU-000823,DailyChoice Household Item 0823,Household,DailyChoice,10.72,dozen
P100824,SKU-000824,Acme Bakery Item 0824,Bakery,Acme,7.84,pack
P100825,SKU-000825,PremiumCo Personal Care Item 0825,Personal Care,PremiumCo,0.92,l
P100826,SKU-000826,Acme Household Item 0826,Household,Acme,0.49,oz
P100827,SKU-000827,FarmFresh Seafood Item 0827,Seafood,FarmFresh,0.49,l
P100828,SKU-000828,DailyChoice Pantry Item 0828,Pantry,DailyChoice,3.38,each
P100829,SKU-000829,PremiumCo Household Item 0829,Household,PremiumCo,9.95,ml
P100830,SKU-000830,NatureBest Snacks Item 0830,Snacks,NatureBest,9.31,dozen
P100831,SKU-000831,GoodFoods Bakery Item 0831,Bakery,GoodFoods,0.83,dozen
P100832,SKU-000832,ValuMart Beverages Item 0832,Beverages,ValuMart,5.40,oz
P100833,SKU-000833,GoodFoods Bakery Item 0833,Bakery,GoodFoods,2.21,gal
P100834,SKU-000834,DailyChoice Meat Item 0834,Meat,DailyChoice,5.91,gal
P100835,SKU-000835,ValuMart Frozen Item 0835,Frozen,ValuMart,3.43,gal
P100836,SKU-000836,UrbanEats Personal Care Item 0836,Personal Care,UrbanEats,8.01,dozen
P100837,SKU-000837,UrbanEats Household Item 0837,Household,UrbanEats,3.28,lb
P100838,SKU-000838,FarmFresh Meat Item 0838,Meat,FarmFresh,2.96,lb
P100839,SKU-000839,DailyChoice Bakery Item 0839,Bakery,DailyChoice,5.42,oz
P100840,SKU-000840,UrbanEats Frozen Item 0840,Frozen,UrbanEats,9.71,l
P100841,SKU-000841,UrbanEats Bakery Item 0841,Bakery,UrbanEats,10.68,lb
P100842,SKU-000842,PremiumCo Frozen Item 0842,Frozen,PremiumCo,5.81,oz
P100843,SKU-000843,NatureBest Seafood Item 0843,Seafood,NatureBest,5.78,pack
P100844,SKU-000844,UrbanEats Personal Care Item 0844,Personal Care,UrbanEats,7.15,oz
P100845,SKU-000845,FarmFresh Bakery Item 0845,Bakery,FarmFresh,0.91,l
P100846,SKU-000846,UrbanEats Pantry Item 0846,Pantry,UrbanEats,5.38,l
P100847,SKU-000847,Acme Meat Item 0847,Meat,Acme,6.56,gal
P100848,SKU-000848,Acme Frozen Item 0848,Frozen,Acme,4.13,pack
P100849,SKU-000849,PremiumCo Meat Item 0849,Meat,PremiumCo,2.23,pack
P100850,SKU-000850,GoodFoods Seafood Item 0850,Seafood,GoodFoods,3.02,oz
P100851,SKU-000851,Acme Bakery Item 0851,Bakery,Acme,8.67,lb
P100852,SKU-000852,UrbanEats Seafood Item 0852,Seafood,UrbanEats,5.44,dozen
P100853,SKU-000853,NatureBest Frozen Item 0853,Frozen,NatureBest,2.00,l
P100854,SKU-000854,PremiumCo Frozen Item 0854,Frozen,PremiumCo,6.00,ml
P100855,SKU-000855,DailyChoice Pantry Item 0855,Pantry,DailyChoice,4.20,each
P100856,SKU-000856,DailyChoice Meat Item 0856,Meat,DailyChoice,5.60,oz
P100857,SKU-000857,PremiumCo Bakery Item 0857,Bakery,PremiumCo,2.02,lb
P100858,SKU-000858,FarmFresh Household Item 0858,Household,FarmFresh,7.65,each
P100859,SKU-000859,Acme Snacks Item 0859,Snacks,Acme,4.39,each
P100860,SKU-000860,Acme Household Item 0860,Household,Acme,7.42,lb
P100861,SKU-000861,GoodFoods Beverages Item 0861,Beverages,GoodFoods,6.44,l
P100862,SKU-000862,UrbanEats Snacks Item 0862,Snacks,UrbanEats,5.39,dozen
P100863,SKU-000863,ValuMart Household Item 0863,Household,ValuMart,4.06,each
P100864,SKU-000864,ValuMart Pantry Item 0864,Pantry,ValuMart,2.66,lb
P100865,SKU-000865,GoodFoods Pantry Item 0865,Pantry,GoodFoods,2.75,lb
P100866,SKU-000866,GoodFoods Seafood Item 0866,Seafood,GoodFoods,1.89,lb
P100867,SKU-000867,PremiumCo Seafood Item 0867,Seafood,PremiumCo,6.06,pack
P100868,SKU-000868,NatureBest Pantry Item 0868,Pantry,NatureBest,9.41,dozen
P100869,SKU-000869,PremiumCo Meat Item 0869,Meat,PremiumCo,6.86,ml
P100870,SKU-000870,Acme Meat Item 0870,Meat,Acme,2.91,each
P100871,SKU-000871,NatureBest Personal Care Item 0871,Personal Care,NatureBest,0.49,ml
P100872,SKU-000872,GoodFoods Dairy Item 0872,Dairy,GoodFoods,9.56,lb
P100873,SKU-000873,ValuMart Beverages Item 0873,Beverages,ValuMart,3.57,dozen
P100874,SKU-000874,GoodFoods Beverages Item 0874,Beverages,GoodFoods,8.36,each
P100875,SKU-000875,PremiumCo Seafood Item 0875,Seafood,PremiumCo,0.49,gal
P100876,SKU-000876,GoodFoods Pantry Item 0876,Pantry,GoodFoods,9.75,lb
P100877,SKU-000877,NatureBest Produce Item 0877,Produce,NatureBest,0.93,oz
P100878,SKU-000878,UrbanEats Frozen Item 0878,Frozen,UrbanEats,8.28,gal
P100879,SKU-000879,PremiumCo Dairy Item 0879,Dairy,PremiumCo,5.34,gal
P100880,SKU-000880,FarmFresh Bakery Item 0880,Bakery,FarmFresh,3.32,lb
P100881,SKU-000881,FarmFresh Pantry Item 0881,Pantry,FarmFresh,7.94,ml
P100882,SKU-000882,GoodFoods Household Item 0882,Household,GoodFoods,9.25,oz
P100883,SKU-000883,FarmFresh Bakery Item 0883,Bakery,FarmFresh,9.57,lb
P100884,SKU-000884,UrbanEats Personal Care Item 0884,Personal Care,UrbanEats,7.23,ml
P100885,SKU-000885,NatureBest Frozen Item 0885,Frozen,NatureBest,8.66,each
P100886,SKU-000886,GoodFoods Beverages Item 0886,Beverages,GoodFoods,8.46,ml
P100887,SKU-000887,PremiumCo Dairy Item 0887,Dairy,PremiumCo,3.90,dozen
P100888,SKU-000888,PremiumCo Produce Item 0888,Produce,PremiumCo,1.45,pack
P100889,SKU-000889,FarmFresh Personal Care Item 0889,Personal Care,FarmFresh,5.45,lb
P100890,SKU-000890,UrbanEats Household Item 0890,Household,UrbanEats,3.45,pack
P100891,SKU-000891,Acme Pantry Item 0891,Pantry,Acme,9.71,oz
P100892,SKU-000892,UrbanEats Produce Item 0892,Produce,UrbanEats,9.62,oz
P100893,SKU-000893,PremiumCo Dairy Item 0893,Dairy,PremiumCo,1.14,ml
P100894,SKU-000894,ValuMart Meat Item 0894,Meat,ValuMart,8.02,gal
P100895,SKU-000895,FarmFresh Household Item 0895,Household,FarmFresh,6.66,l
P100896,SKU-000896,UrbanEats Meat Item 0896,Meat,UrbanEats,2.32,lb
P100897,SKU-000897,UrbanEats Dairy Item 0897,Dairy,UrbanEats,7.34,ml
P100898,SKU-000898,UrbanEats Frozen Item 0898,Frozen,UrbanEats,5.98,lb
P100899,SKU-000899,Acme Pantry Item 0899,Pantry,Acme,5.43,l
P100900,SKU-000900,GoodFoods Snacks Item 0900,Snacks,GoodFoods,8.00,each
P100901,SKU-000901,DailyChoice Household Item 0901,Household,DailyChoice,0.49,dozen
P100902,SKU-000902,PremiumCo Household Item 0902,Household,PremiumCo,5.35,ml
P100903,SKU-000903,PremiumCo Meat Item 0903,Meat,PremiumCo,6.76,ml
P100904,SKU-000904,PremiumCo Snacks Item 0904,Snacks,PremiumCo,5.69,ml
P100905,SKU-000905,Acme Household Item 0905,Household,Acme,4.56,pack
P100906,SKU-000906,ValuMart Frozen Item 0906,Frozen,ValuMart,3.23,gal
P100907,SKU-000907,NatureBest Dairy Item 0907,Dairy,NatureBest,5.14,each
P100908,SKU-000908,FarmFresh Beverages Item 0908,Beverages,FarmFresh,9.23,oz
P100909,SKU-000909,FarmFresh Meat Item 0909,Meat,FarmFresh,8.57,lb
P100910,SKU-000910,DailyChoice Meat Item 0910,Meat,DailyChoice,5.70,ml
P100911,SKU-000911,GoodFoods Pantry Item 0911,Pantry,GoodFoods,4.60,each
P100912,SKU-000912,NatureBest Beverages Item 0912,Beverages,NatureBest,6.27,ml
P100913,SKU-000913,UrbanEats Produce Item 0913,Produce,UrbanEats,5.94,l
P100914,SKU-000914,NatureBest Snacks Item 0914,Snacks,NatureBest,5.81,oz
P100915,SKU-000915,FarmFresh Pantry Item 0915,Pantry,FarmFresh,4.44,gal
P100916,SKU-000916,ValuMart Pantry Item 0916,Pantry,ValuMart,3.80,pack
P100917,SKU-000917,NatureBest Seafood Item 0917,Seafood,NatureBest,7.65,ml
P100918,SKU-000918,ValuMart Bakery Item 0918,Bakery,ValuMart,8.09,l
P100919,SKU-000919,DailyChoice Frozen Item 0919,Frozen,DailyChoice,2.85,pack
P100920,SKU-000920,PremiumCo Meat Item 0920,Meat,PremiumCo,7.41,dozen
P100921,SKU-000921,PremiumCo Household Item 0921,Household,PremiumCo,5.24,oz
P100922,SKU-000922,UrbanEats Dairy Item 0922,Dairy,UrbanEats,0.49,gal
P100923,SKU-000923,FarmFresh Pantry Item 0923,Pantry,FarmFresh,2.43,dozen
P100924,SKU-000924,Acme Produce Item 0924,Produce,Acme,5.27,lb
P100925,SKU-000925,ValuMart Produce Item 0925,Produce,ValuMart,6.67,pack
P100926,SKU-000926,ValuMart Bakery Item 0926,Bakery,ValuMart,6.65,dozen
P100927,SKU-000927,Acme Seafood Item 0927,Seafood,Acme,6.85,pack
P100928,SKU-000928,GoodFoods Frozen Item 0928,Frozen,GoodFoods,2.64,ml
P100929,SKU-000929,FarmFresh Snacks Item 0929,Snacks,FarmFresh,3.00,pack
P100930,SKU-000930,Acme Meat Item 0930,Meat,Acme,8.66,dozen
P100931,SKU-000931,Acme Household Item 0931,Household,Acme,4.68,gal
P100932,SKU-000932,DailyChoice Produce Item 0932,Produce,DailyChoice,2.20,dozen
P100933,SKU-000933,PremiumCo Beverages Item 0933,Beverages,PremiumCo,2.41,pack
P100934,SKU-000934,DailyChoice Personal Care Item 0934,Personal Care,DailyChoice,5.49,pack
P100935,SKU-000935,NatureBest Household Item 0935,Household,NatureBest,7.80,lb
P100936,SKU-000936,FarmFresh Bakery Item 0936,Bakery,FarmFresh,8.35,lb
P100937,SKU-000937,NatureBest Seafood Item 0937,Seafood,NatureBest,6.61,oz
P100938,SKU-000938,Acme Personal Care Item 0938,Personal Care,Acme,3.71,dozen
P100939,SKU-000939,NatureBest Bakery Item 0939,Bakery,NatureBest,10.13,each
P100940,SKU-000940,ValuMart Frozen Item 0940,Frozen,ValuMart,2.09,each
P100941,SKU-000941,PremiumCo Frozen Item 0941,Frozen,PremiumCo,6.23,lb
P100942,SKU-000942,NatureBest Snacks Item 0942,Snacks,NatureBest,0.77,pack
P100943,SKU-000943,FarmFresh Bakery Item 0943,Bakery,FarmFresh,5.32,l
P100944,SKU-000944,DailyChoice Dairy Item 0944,Dairy,DailyChoice,9.29,gal
P100945,SKU-000945,ValuMart Frozen Item 0945,Frozen,ValuMart,3.04,gal
P100946,SKU-000946,Acme Meat Item 0946,Meat,Acme,8.08,ml
P100947,SKU-000947,Acme Meat Item 0947,Meat,Acme,7.82,pack
P100948,SKU-000948,FarmFresh Household Item 0948,Household,FarmFresh,12.24,gal
P100949,SKU-000949,ValuMart Pantry Item 0949,Pantry,ValuMart,2.36,dozen
P100950,SKU-000950,UrbanEats Produce Item 0950,Produce,UrbanEats,3.49,gal
P100951,SKU-000951,PremiumCo Household Item 0951,Household,PremiumCo,6.21,pack
P100952,SKU-000952,GoodFoods Snacks Item 0952,Snacks,GoodFoods,9.72,lb
P100953,SKU-000953,GoodFoods Snacks Item 0953,Snacks,GoodFoods,12.52,each
P100954,SKU-000954,FarmFresh Meat Item 0954,Meat,FarmFresh,7.04,pack
P100955,SKU-000955,NatureBest Pantry Item 0955,Pantry,NatureBest,4.25,lb
P100956,SKU-000956,PremiumCo Produce Item 0956,Produce,PremiumCo,7.14,ml
P100957,SKU-000957,GoodFoods Bakery Item 0957,Bakery,GoodFoods,6.28,dozen
P100958,SKU-000958,ValuMart Personal Care Item 0958,Personal Care,ValuMart,3.25,pack
P100959,SKU-000959,PremiumCo Pantry Item 0959,Pantry,PremiumCo,7.80,l
P100960,SKU-000960,GoodFoods Produce Item 0960,Produce,GoodFoods,1.81,l
P100961,SKU-000961,Acme Personal Care Item 0961,Personal Care,Acme,5.07,lb
P100962,SKU-000962,GoodFoods Dairy Item 0962,Dairy,GoodFoods,4.87,gal
P100963,SKU-000963,ValuMart Personal Care Item 0963,Personal Care,ValuMart,10.42,lb
P100964,SKU-000964,FarmFresh Beverages Item 0964,Beverages,FarmFresh,6.33,l
P100965,SKU-000965,NatureBest Bakery Item 0965,Bakery,NatureBest,5.33,pack
P100966,SKU-000966,NatureBest Pantry Item 0966,Pantry,NatureBest,4.14,dozen
P100967,SKU-000967,Acme Household Item 0967,Household,Acme,11.98,gal
P100968,SKU-000968,GoodFoods Snacks Item 0968,Snacks,GoodFoods,9.78,oz
P100969,SKU-000969,ValuMart Pantry Item 0969,Pantry,ValuMart,7.02,lb
P100970,SKU-000970,DailyChoice Meat Item 0970,Meat,DailyChoice,2.31,gal
P100971,SKU-000971,NatureBest Snacks Item 0971,Snacks,NatureBest,8.26,oz
P100972,SKU-000972,ValuMart Bakery Item 0972,Bakery,ValuMart,6.65,pack
P100973,SKU-000973,UrbanEats Personal Care Item 0973,Personal Care,UrbanEats,7.78,each
P100974,SKU-000974,ValuMart Household Item 0974,Household,ValuMart,4.92,lb
P100975,SKU-000975,PremiumCo Meat Item 0975,Meat,PremiumCo,3.99,ml
P100976,SKU-000976,DailyChoice Frozen Item 0976,Frozen,DailyChoice,9.37,oz
P100977,SKU-000977,UrbanEats Meat Item 0977,Meat,UrbanEats,8.45,gal
P100978,SKU-000978,ValuMart Beverages Item 0978,Beverages,ValuMart,5.40,gal
P100979,SKU-000979,PremiumCo Personal Care Item 0979,Personal Care,PremiumCo,4.38,gal
P100980,SKU-000980,Acme Pantry Item 0980,Pantry,Acme,3.96,oz
P100981,SKU-000981,ValuMart Household Item 0981,Household,ValuMart,10.86,l
P100982,SKU-000982,PremiumCo Frozen Item 0982,Frozen,PremiumCo,8.41,oz
P100983,SKU-000983,UrbanEats Frozen Item 0983,Frozen,UrbanEats,3.68,dozen
P100984,SKU-000984,NatureBest Snacks Item 0984,Snacks,NatureBest,5.24,lb
P100985,SKU-000985,DailyChoice Seafood Item 0985,Seafood,DailyChoice,5.02,oz
P100986,SKU-000986,GoodFoods Seafood Item 0986,Seafood,GoodFoods,10.55,lb
P100987,SKU-000987,FarmFresh Household Item 0987,Household,FarmFresh,2.34,each
P100988,SKU-000988,Acme Personal Care Item 0988,Personal Care,Acme,2.44,pack
P100989,SKU-000989,NatureBest Snacks Item 0989,Snacks,NatureBest,4.80,ml
P100990,SKU-000990,DailyChoice Frozen Item 0990,Frozen,DailyChoice,9.11,l
P100991,SKU-000991,UrbanEats Seafood Item 0991,Seafood,UrbanEats,3.48,oz
P100992,SKU-000992,FarmFresh Snacks Item 0992,Snacks,FarmFresh,5.71,lb
P100993,SKU-000993,NatureBest Meat Item 0993,Meat,NatureBest,6.33,oz
P100994,SKU-000994,NatureBest Beverages Item 0994,Beverages,NatureBest,2.46,oz
P100995,SKU-000995,PremiumCo Bakery Item 0995,Bakery,PremiumCo,4.43,ml
P100996,SKU-000996,UrbanEats Produce Item 0996,Produce,UrbanEats,6.27,pack
P100997,SKU-000997,DailyChoice Meat Item 0997,Meat,DailyChoice,8.34,each
P100998,SKU-000998,FarmFresh Snacks Item 0998,Snacks,FarmFresh,2.76,gal
P100999,SKU-000999,PremiumCo Produce Item 0999,Produce,PremiumCo,6.63,each
